{"Valid-NextTime/RMSE": 2.432527022022145, "_timestamp": 1672778780.899939, "Valid-NextTime/rmse_norm": 1.006995220633567, "Valid-NextTime/msae": 1.6953684774180517, "Valid-pred_label/AUROC": 0.929974242263858, "Valid-pred_label/AUPRC": 0.6702223187944737, "Valid-pred_label/f1-binary": 0.6277695716395865, "Valid-pred_label/loss": 0.0, "Valid-pred_label/recall-binary": 0.7048092868988391, "Valid-pred_label/precision-binary": 0.5659121171770972, "Valid-pred_label/ACC": 0.936105476673428, "_runtime": 556.0526809692383, "_step": 6, "Train-NextTime/RMSE": 2.3626770377474133, "Train-NextTime/rmse_norm": 0.9753604315344497, "Train-NextTime/msae": 1.5213819388147833, "Train-pred_label/AUROC": 0.9305706174362858, "Train-pred_label/AUPRC": 0.9318778248976769, "Train-pred_label/f1-binary": 0.8392533526640088, "Train-pred_label/loss": 0.0, "Train-pred_label/recall-binary": 0.8508175638434686, "Train-pred_label/precision-binary": 0.8279992848203112, "Train-pred_label/ACC": 0.8437279774489077, "Test-NextTime/RMSE": 2.432527022022145, "Test-NextTime/rmse_norm": 1.006995220633567, "Test-NextTime/msae": 1.6953684774180517, "Test-pred_label/AUROC": 0.929974242263858, "Test-pred_label/AUPRC": 0.6702223187944737, "Test-pred_label/f1-binary": 0.6277695716395865, "Test-pred_label/loss": 0.0, "Test-pred_label/recall-binary": 0.7048092868988391, "Test-pred_label/precision-binary": 0.5659121171770972, "Test-pred_label/ACC": 0.936105476673428, "time-Time/train_epoch": 0.6560596108436585, "time-Time/valid_epoch": 0.24189951022466025, "Obj": 0.6277695716395865, "Best-Test-pred_label/f1-binary": 0.6277695716395865, "Best-Test-pred_label/AUPRC": 0.6702223187944737, "Best-Test-pred_label/AUROC": 0.9332010731062144, "Best-Valid-pred_label/f1-binary": 0.6277695716395865, "Best-Valid-pred_label/AUPRC": 0.6702223187944737, "Best-Valid-pred_label/AUROC": 0.9332010731062144}