{"NextTime/RMSE": 0.9274126314776563, "NextTime/rmse_norm": 0.2846417623423716, "NextTime/msae": 0.5643339853291565, "pred_label/AUROC": 0.8260964309468908, "pred_label/AUPRC": 0.45724685955899325, "pred_label/f1-binary": 0.3474747474747475, "pred_label/loss": 0.0, "pred_label/recall-binary": 0.25219941348973607, "pred_label/precision-binary": 0.5584415584415584, "pred_label/ACC": 0.8654166666666666, "_timestamp": 1672323692.3975983, "_runtime": 431.3762903213501, "_step": 3, "Time/train_epoch": 1.9441044131914775, "Time/eval_epoch": 0.2705334464708964}