{"NextTime/RMSE": 0.9270787556096622, "NextTime/rmse_norm": 0.2644970256466426, "NextTime/msae": 0.5222768465079758, "pred_label/AUROC": 0.6981950353145264, "pred_label/AUPRC": 0.21812240341273598, "pred_label/f1-binary": 0.0, "pred_label/loss": 0.0, "pred_label/recall-binary": 0.0, "pred_label/precision-binary": 0.0, "pred_label/ACC": 0.8579166666666667, "_timestamp": 1672324515.1530194, "_runtime": 47.750264406204224, "_step": 1, "Time/train_epoch": 0.6076640764872233, "Time/eval_epoch": 0.0855119546254476, "Obj": 0}