{"Valid-NextTime/RMSE": 0.9377555661215224, "_timestamp": 1672745307.9772232, "Valid-NextTime/rmse_norm": 0.23057457092299669, "Valid-NextTime/msae": 0.5287486119612002, "Valid-pred_label/AUROC": 0.6676537840746055, "Valid-pred_label/AUPRC": 0.23154557450467483, "Valid-pred_label/f1-binary": 0.0, "Valid-pred_label/loss": 0.0, "Valid-pred_label/recall-binary": 0.0, "Valid-pred_label/precision-binary": 0.0, "Valid-pred_label/ACC": 0.8577405857740585, "_runtime": 176.44182109832764, "_step": 60, "Train-NextTime/RMSE": 0.9693186539508838, "Train-NextTime/rmse_norm": 0.22464452420184122, "Train-NextTime/msae": 0.5361350420595842, "Train-pred_label/AUROC": 0.7400453804082178, "Train-pred_label/AUPRC": 0.7060644791007226, "Train-pred_label/f1-binary": 0.0, "Train-pred_label/loss": 0.0, "Train-pred_label/recall-binary": 0.0, "Train-pred_label/precision-binary": 0.0, "Train-pred_label/ACC": 0.4836387434554974, "Test-NextTime/RMSE": 0.9470459353891555, "Test-NextTime/rmse_norm": 0.2358990332177378, "Test-NextTime/msae": 0.5286726232843476, "Test-pred_label/AUROC": 0.6622545465939534, "Test-pred_label/AUPRC": 0.22659074852954203, "Test-pred_label/f1-binary": 0.0, "Test-pred_label/loss": 0.0, "Test-pred_label/recall-binary": 0.0, "Test-pred_label/precision-binary": 0.0, "Test-pred_label/ACC": 0.8579166666666667, "time-Time/train_epoch": 0.08641388416290283, "time-Time/valid_epoch": 0.06757932901382446, "Obj": 0.0, "Best-Test-pred_label/f1-binary": 0.39165009940357853, "Best-Test-pred_label/AUPRC": 0.3838840492733384, "Best-Test-pred_label/AUROC": 0.7641980917764654, "Best-Valid-pred_label/f1-binary": 0.41475826972010177, "Best-Valid-pred_label/AUPRC": 0.3827875517050804, "Best-Valid-pred_label/AUROC": 0.766501524390244, "max_obj_val": 0.42681564245810055, "status": "completed", "_wandb": {"runtime": 175}}