{"Valid-CIF/NLL-#events": -2.2410252990857047, "_timestamp": 1672757475.5421894, "Valid-CIF/NLL": -213735.546875, "Valid-CIF/#events": 95374.0, "Valid-NextTime/RMSE": 0.8384296692432724, "Valid-NextTime/rmse_norm": 0.31184611669519663, "Valid-NextTime/msae": 0.5275471967877571, "Valid-NextType(ML)/auc-ovo-weighted": 0.8236220761045984, "Valid-NextType(ML)/auc-PR-weighted": 0.5943437400700046, "Valid-NextType(ML)/f1-weighted": 0.513462694369006, "Valid-NextType(ML)/precision-weighted": 0.44442648653259953, "Valid-NextType(ML)/recall-weighted": 0.8127221129851466, "Valid-pred_label/AUROC": 0.8565974713055955, "Valid-pred_label/AUPRC": 0.5412126487047602, "Valid-pred_label/f1-binary": 0.5013054830287207, "Valid-pred_label/loss": 0.0, "Valid-pred_label/recall-binary": 0.7058823529411765, "Valid-pred_label/precision-binary": 0.38866396761133604, "Valid-pred_label/ACC": 0.8002092050209205, "_runtime": 3404.5787143707275, "_step": 23, "Train-CIF/NLL-#events": -2.2894103426192762, "Train-CIF/NLL": -893728.5625, "Train-CIF/#events": 390375.0, "Train-NextTime/RMSE": 0.8177730905275058, "Train-NextTime/rmse_norm": 0.2924254328859268, "Train-NextTime/msae": 0.5229514499826764, "Train-NextType(ML)/auc-ovo-weighted": 0.8201982711722522, "Train-NextType(ML)/auc-PR-weighted": 0.5768303795317965, "Train-NextType(ML)/f1-weighted": 0.4929131883057202, "Train-NextType(ML)/precision-weighted": 0.42809462068942844, "Train-NextType(ML)/recall-weighted": 0.8071556434432697, "Train-pred_label/AUROC": 0.9130552252366377, "Train-pred_label/AUPRC": 0.893638215466318, "Train-pred_label/f1-binary": 0.8333550828657185, "Train-pred_label/loss": 0.0, "Train-pred_label/recall-binary": 0.8415919873484449, "Train-pred_label/precision-binary": 0.8252778495735332, "Train-pred_label/ACC": 0.8333768267223383, "Test-CIF/NLL-#events": -2.254505286257802, "Test-CIF/NLL": -271990.28125, "Test-CIF/#events": 120643.0, "Test-NextTime/RMSE": 0.8318736749027346, "Test-NextTime/rmse_norm": 0.3024908695566786, "Test-NextTime/msae": 0.5208055761141601, "Test-NextType(ML)/auc-ovo-weighted": 0.8220953176266182, "Test-NextType(ML)/auc-PR-weighted": 0.5882798508933507, "Test-NextType(ML)/f1-weighted": 0.5124563181527655, "Test-NextType(ML)/precision-weighted": 0.4445118441211423, "Test-NextType(ML)/recall-weighted": 0.8094704781111942, "Test-pred_label/AUROC": 0.8436604051449968, "Test-pred_label/AUPRC": 0.49841200834618077, "Test-pred_label/f1-binary": 0.517467248908297, "Test-pred_label/loss": 0.0, "Test-pred_label/recall-binary": 0.6950146627565983, "Test-pred_label/precision-binary": 0.4121739130434783, "Test-pred_label/ACC": 0.8158333333333333, "time-Time/train_epoch": 1.2376930514971416, "time-Time/valid_epoch": 0.165424648920695, "Obj": 0.517467248908297, "Best-Test-pred_label/f1-binary": 0.5308498253783469, "Best-Test-pred_label/AUPRC": 0.5047795147222012, "Best-Test-pred_label/AUROC": 0.8482237341533273, "Best-Valid-pred_label/f1-binary": 0.5232876712328767, "Best-Valid-pred_label/AUPRC": 0.5552810998747814, "Best-Valid-pred_label/AUROC": 0.8615136298421807, "max_obj_val": 0.5308498253783469, "status": "completed", "_wandb": {"runtime": 3403}}