{"Valid-NextTime/RMSE": 0.9422338891439347, "_timestamp": 1672750927.4018834, "Valid-NextTime/rmse_norm": 0.23834767548034022, "Valid-NextTime/msae": 0.5253847085603672, "Valid-pred_label/AUROC": 0.6422762086102268, "Valid-pred_label/AUPRC": 0.25451219225052735, "Valid-pred_label/f1-binary": 0.29400534555173735, "Valid-pred_label/loss": 0.0, "Valid-pred_label/recall-binary": 0.6581196581196581, "Valid-pred_label/precision-binary": 0.18928220255653885, "Valid-pred_label/ACC": 0.5368236472945892, "_runtime": 78.37483334541321, "_step": 1, "Train-NextTime/RMSE": 0.9182032890271832, "Train-NextTime/rmse_norm": 0.2388594881469829, "Train-NextTime/msae": 0.5284305958905693, "Train-pred_label/AUROC": 0.6575522644842103, "Train-pred_label/AUPRC": 0.6395594710859536, "Train-pred_label/f1-binary": 0.6472850678733031, "Train-pred_label/loss": 0.0, "Train-pred_label/recall-binary": 0.7122230520288773, "Train-pred_label/precision-binary": 0.5931992535766121, "Train-pred_label/ACC": 0.6094689378757515, "Test-NextTime/RMSE": 0.9422338891439347, "Test-NextTime/rmse_norm": 0.23834767548034022, "Test-NextTime/msae": 0.5253847085603672, "Test-pred_label/AUROC": 0.6422762086102268, "Test-pred_label/AUPRC": 0.25451219225052735, "Test-pred_label/f1-binary": 0.29400534555173735, "Test-pred_label/loss": 0.0, "Test-pred_label/recall-binary": 0.6581196581196581, "Test-pred_label/precision-binary": 0.18928220255653885, "Test-pred_label/ACC": 0.5368236472945892, "time-Time/train_epoch": 0.5226287881533305, "time-Time/valid_epoch": 0.15196790297826132, "Obj": 0.29400534555173735, "Best-Test-pred_label/f1-binary": 0.29400534555173735, "Best-Test-pred_label/AUPRC": 0.25451219225052735, "Best-Test-pred_label/AUROC": 0.6422762086102268, "Best-Valid-pred_label/f1-binary": 0.29400534555173735, "Best-Valid-pred_label/AUPRC": 0.25451219225052735, "Best-Valid-pred_label/AUROC": 0.6422762086102268}