{"NextTime/RMSE": 0.946788289024003, "NextTime/rmse_norm": 0.27761467564900577, "NextTime/msae": 0.5610408338860089, "pred_label/AUROC": 0.7654913198474903, "pred_label/AUPRC": 0.344278761507241, "pred_label/f1-binary": 0.0, "pred_label/loss": 0.0, "pred_label/recall-binary": 0.0, "pred_label/precision-binary": 0.0, "pred_label/ACC": 0.8579166666666667, "_timestamp": 1672327473.3599565, "_runtime": 133.25954151153564, "_step": 2, "Time/train_epoch": 0.8826572855313619, "Time/eval_epoch": 0.12321389516194661, "Obj": 0, "final accuracy": 0, "state": "complated", "_wandb": {"runtime": 132}}