{"Valid-NextTime/RMSE": 0.9329473598575178, "_timestamp": 1672683572.3502853, "Valid-NextTime/rmse_norm": 0.23566344305046613, "Valid-NextTime/msae": 0.5271559458652879, "Valid-pred_label/AUROC": 0.7108397385583941, "Valid-pred_label/AUPRC": 0.3202883003114828, "Valid-pred_label/f1-binary": 0.3691899070385126, "Valid-pred_label/loss": 0.0, "Valid-pred_label/recall-binary": 0.5205992509363296, "Valid-pred_label/precision-binary": 0.28600823045267487, "Valid-pred_label/ACC": 0.744073275862069, "_runtime": 598.9716892242432, "_step": 33, "Train-NextTime/RMSE": 0.922789435969972, "Train-NextTime/rmse_norm": 0.2385217952499264, "Train-NextTime/msae": 0.5286404396701119, "Train-pred_label/AUROC": 0.9096983801664023, "Train-pred_label/AUPRC": 0.8909233223413678, "Train-pred_label/f1-binary": 0.8323576370409793, "Train-pred_label/loss": 0.0, "Train-pred_label/recall-binary": 0.820997375328084, "Train-pred_label/precision-binary": 0.8440366972477065, "Train-pred_label/ACC": 0.833156779661017, "Test-NextTime/RMSE": 0.9399147441730872, "Test-NextTime/rmse_norm": 0.23332558084052765, "Test-NextTime/msae": 0.5261619243652607, "Test-pred_label/AUROC": 0.7403039409389807, "Test-pred_label/AUPRC": 0.2943660490952843, "Test-pred_label/f1-binary": 0.3909287257019438, "Test-pred_label/loss": 0.0, "Test-pred_label/recall-binary": 0.5339233038348082, "Test-pred_label/precision-binary": 0.3083475298126065, "Test-pred_label/ACC": 0.7618243243243243, "time-Time/train_epoch": 0.10966880321502685, "time-Time/valid_epoch": 0.04097268184026082, "Obj": 0.3909287257019438, "max_obj_val": 0.3983739837398374, "status": "completed", "_wandb": {"runtime": 598}}