{"Valid-NextTime/RMSE": 0.9458272185202461, "_timestamp": 1672745093.5168178, "Valid-NextTime/rmse_norm": 0.2874251530004925, "Valid-NextTime/msae": 0.56564054049766, "Valid-pred_label/AUROC": 0.6329066535150646, "Valid-pred_label/AUPRC": 0.2139355629398476, "Valid-pred_label/f1-binary": 0.0, "Valid-pred_label/loss": 0.0, "Valid-pred_label/recall-binary": 0.0, "Valid-pred_label/precision-binary": 0.0, "Valid-pred_label/ACC": 0.8577405857740585, "_runtime": 38.16150975227356, "_step": 12, "Train-NextTime/RMSE": 0.9786029967260066, "Train-NextTime/rmse_norm": 0.2846328154970748, "Train-NextTime/msae": 0.5675933869455771, "Train-pred_label/AUROC": 0.7002894318718599, "Train-pred_label/AUPRC": 0.6476684461690858, "Train-pred_label/f1-binary": 0.0, "Train-pred_label/loss": 0.0, "Train-pred_label/recall-binary": 0.0, "Train-pred_label/precision-binary": 0.0, "Train-pred_label/ACC": 0.525523560209424, "Test-NextTime/RMSE": 0.9508067159984637, "Test-NextTime/rmse_norm": 0.2875057034460127, "Test-NextTime/msae": 0.5635564500891512, "Test-pred_label/AUROC": 0.6095790029895217, "Test-pred_label/AUPRC": 0.2071077414509942, "Test-pred_label/f1-binary": 0.0, "Test-pred_label/loss": 0.0, "Test-pred_label/recall-binary": 0.0, "Test-pred_label/precision-binary": 0.0, "Test-pred_label/ACC": 0.8579166666666667, "time-Time/train_epoch": 0.08452227910359701, "time-Time/valid_epoch": 0.061514846483866376, "Obj": 0.0, "Best-Test-pred_label/f1-binary": 0.3215926493108729, "Best-Test-pred_label/AUPRC": 0.2563733982544547, "Best-Test-pred_label/AUROC": 0.6818597560975609}