{"Valid-NextTime/RMSE": 0.9396695356377701, "_timestamp": 1672675082.4315724, "Valid-NextTime/rmse_norm": 0.271846685762601, "Valid-NextTime/msae": 0.5538808745648462, "Valid-pred_label/AUROC": 0.8115249267553382, "Valid-pred_label/AUPRC": 0.4734425547224311, "Valid-pred_label/f1-binary": 0.4671280276816609, "Valid-pred_label/loss": 0.0, "Valid-pred_label/recall-binary": 0.5056179775280899, "Valid-pred_label/precision-binary": 0.4340836012861736, "Valid-pred_label/ACC": 0.834051724137931, "_runtime": 375.0613434314728, "_step": 27, "Train-NextTime/RMSE": 0.912169232092375, "Train-NextTime/rmse_norm": 0.2796983410354937, "Train-NextTime/msae": 0.55452596731281, "Train-pred_label/AUROC": 0.8921751889117533, "Train-pred_label/AUPRC": 0.8862251103750957, "Train-pred_label/f1-binary": 0.7524154589371981, "Train-pred_label/loss": 0.0, "Train-pred_label/recall-binary": 0.6575197889182058, "Train-pred_label/precision-binary": 0.8793225123500353, "Train-pred_label/ACC": 0.7828389830508474, "Test-NextTime/RMSE": 0.9457978000022502, "Test-NextTime/rmse_norm": 0.26776302699759447, "Test-NextTime/msae": 0.5500441762053113, "Test-pred_label/AUROC": 0.8199746740114942, "Test-pred_label/AUPRC": 0.4483431340161074, "Test-pred_label/f1-binary": 0.4546762589928058, "Test-pred_label/loss": 0.0, "Test-pred_label/recall-binary": 0.46607669616519176, "Test-pred_label/precision-binary": 0.4438202247191011, "Test-pred_label/ACC": 0.8399493243243243, "time-Time/train_epoch": 0.06882915496826172, "time-Time/valid_epoch": 0.029558821519215902, "Obj": 0.4546762589928058, "max_obj_val": 0.4778254649499285, "status": "completed", "_wandb": {"runtime": 374}}