{"Valid-CIF/NLL-#events": 1.0135065308679514, "_timestamp": 1672750854.7649531, "Valid-CIF/NLL": 96662.171875, "Valid-CIF/#events": 95374.0, "Valid-NextTime/RMSE": 1.3522150185727992, "Valid-NextTime/rmse_norm": 0.8844016403948962, "Valid-NextTime/msae": 0.9787872942889841, "Valid-NextType(ML)/auc-ovo-weighted": 0.5003395834970449, "Valid-NextType(ML)/auc-PR-weighted": 0.28534934648453353, "Valid-NextType(ML)/f1-weighted": 0.2225500666162056, "Valid-NextType(ML)/precision-weighted": 0.27242924409857133, "Valid-NextType(ML)/recall-weighted": 0.42558534067268133, "Valid-pred_label/AUROC": 0.5192936244619799, "Valid-pred_label/AUPRC": 0.1495474806033954, "Valid-pred_label/f1-binary": 0.24919835089326614, "Valid-pred_label/loss": 0.0, "Valid-pred_label/recall-binary": 1.0, "Valid-pred_label/precision-binary": 0.1423338566195709, "Valid-pred_label/ACC": 0.14278242677824268, "_runtime": 9.60431718826294, "_step": 0}