{"NextTime/RMSE": 0.9394763984711116, "NextTime/rmse_norm": 0.28700023425657584, "NextTime/msae": 0.5554745527741926, "pred_label/AUROC": 0.760389620562896, "pred_label/AUPRC": 0.3229407301082377, "pred_label/f1-binary": 0.0, "pred_label/loss": 0.0, "pred_label/recall-binary": 0.0, "pred_label/precision-binary": 0.0, "pred_label/ACC": 0.8579166666666667, "_timestamp": 1672327924.884834, "_runtime": 92.56585502624512, "_step": 2, "Time/train_epoch": 0.6305686275164286, "Time/eval_epoch": 0.08786347707112631, "Obj": 0, "final accuracy": 0, "state": "complated", "_wandb": {"runtime": 91}}