{"NextTime/RMSE": 0.9294722374622665, "NextTime/rmse_norm": 0.25984359539312085, "NextTime/msae": 0.5379697657820767, "pred_label/AUROC": 0.8531117944394042, "pred_label/AUPRC": 0.513570967136699, "pred_label/f1-binary": 0.4, "pred_label/loss": 0.0, "pred_label/recall-binary": 0.2873900293255132, "pred_label/precision-binary": 0.6577181208053692, "pred_label/ACC": 0.8775, "_timestamp": 1672391730.9995959, "_runtime": 596.6755919456482, "_step": 21, "Time/train_epoch": 0.3975106954574585, "Time/eval_epoch": 0.059793670972188316, "Obj": 0.4}