{"NextTime/RMSE": 1.7789422099946406, "NextTime/rmse_norm": 1.2893313994793907, "NextTime/msae": 1.476599823152604, "pred_label/AUROC": 0.4975638032869072, "pred_label/AUPRC": 0.1398413955197481, "pred_label/f1-binary": 0.2488143013498723, "pred_label/loss": 0.0, "pred_label/recall-binary": 1.0, "pred_label/precision-binary": 0.14208333333333334, "pred_label/ACC": 0.14208333333333334, "_timestamp": 1672324960.4806774, "_runtime": 7.205899477005005, "_step": 0}