{"NextTime/RMSE": 2.4162671679579035, "NextTime/rmse_norm": 0.667393692179917, "NextTime/msae": 1.5481326153132082, "pred_label/AUROC": 0.8427824644345469, "pred_label/AUPRC": 0.503485912989651, "pred_label/f1-binary": 0.5325325325325325, "pred_label/loss": 0.0, "pred_label/recall-binary": 0.4470588235294118, "pred_label/precision-binary": 0.6584158415841584, "pred_label/ACC": 0.9401895491803278, "_timestamp": 1672403121.7494333, "_runtime": 103.22259426116943, "_step": 4, "Time/train_epoch": 0.23864140510559081, "Time/eval_epoch": 0.21810644070307414, "Obj": 0.5325325325325325}