{"NextTime/RMSE": 3.745481397587764, "NextTime/rmse_norm": 1.0683020219323116, "NextTime/msae": 2.8713370639097096, "pred_label/AUROC": 0.31673136770142624, "pred_label/AUPRC": 0.051987175237710306, "pred_label/f1-binary": 0.09409649385675757, "pred_label/loss": 0.0, "pred_label/recall-binary": 0.521594684385382, "pred_label/precision-binary": 0.051712779973649536, "pred_label/ACC": 0.23196138211382114, "_timestamp": 1672398670.4782946, "_runtime": 13.360365629196167, "_step": 0}