{"NextTime/RMSE": 0.9324738212015224, "NextTime/rmse_norm": 0.23096330123483141, "NextTime/msae": 0.5166554751257487, "pred_label/AUROC": 0.6013140222668807, "pred_label/AUPRC": 0.18080000319122924, "pred_label/f1-binary": 0.0, "pred_label/loss": 0.0, "pred_label/recall-binary": 0.0, "pred_label/precision-binary": 0.0, "pred_label/ACC": 0.8579166666666667, "_timestamp": 1672330997.1409297, "_runtime": 20.911728620529175, "_step": 1, "status": "pruned", "Time/train_epoch": 0.08245247602462769, "Time/eval_epoch": 0.12377914587656656, "Obj": 0.18080000319122924, "_wandb": {"runtime": 20}}