{"Valid-NextTime/RMSE": 0.9261999579261657, "_timestamp": 1672678376.1163673, "Valid-NextTime/rmse_norm": 0.23535391503779632, "Valid-NextTime/msae": 0.524738244061794, "Valid-pred_label/AUROC": 0.7979578704718536, "Valid-pred_label/AUPRC": 0.43461275395024057, "Valid-pred_label/f1-binary": 0.4675716440422323, "Valid-pred_label/loss": 0.0, "Valid-pred_label/recall-binary": 0.5805243445692884, "Valid-pred_label/precision-binary": 0.39141414141414144, "Valid-pred_label/ACC": 0.8098060344827587, "_runtime": 503.9034342765808, "_step": 36, "Train-NextTime/RMSE": 0.9210495331206422, "Train-NextTime/rmse_norm": 0.24275072939457867, "Train-NextTime/msae": 0.5278635216349257, "Train-pred_label/AUROC": 0.9421132720839491, "Train-pred_label/AUPRC": 0.9323844239554155, "Train-pred_label/f1-binary": 0.8591160220994475, "Train-pred_label/loss": 0.0, "Train-pred_label/recall-binary": 0.8280085197018104, "Train-pred_label/precision-binary": 0.8926521239954076, "Train-pred_label/ACC": 0.8649364406779662, "Test-NextTime/RMSE": 0.9337855602144259, "Test-NextTime/rmse_norm": 0.2317627151709447, "Test-NextTime/msae": 0.5215880859276503, "Test-pred_label/AUROC": 0.7687687818664758, "Test-pred_label/AUPRC": 0.3485071128169491, "Test-pred_label/f1-binary": 0.39800995024875624, "Test-pred_label/loss": 0.0, "Test-pred_label/recall-binary": 0.471976401179941, "Test-pred_label/precision-binary": 0.34408602150537637, "Test-pred_label/ACC": 0.7956081081081081, "time-Time/train_epoch": 0.07391844193140666, "time-Time/valid_epoch": 0.029108349482218424, "Obj": 0.39800995024875624, "max_obj_val": 0.42977190876350535, "status": "completed", "_wandb": {"runtime": 503}}