{"Valid-NextTime/RMSE": 0.924305587306173, "_timestamp": 1672689377.709431, "Valid-NextTime/rmse_norm": 0.24446650856224045, "Valid-NextTime/msae": 0.5280328759769721, "Valid-pred_label/AUROC": 0.8017014885222382, "Valid-pred_label/AUPRC": 0.4133412936714291, "Valid-pred_label/f1-binary": 0.47058823529411764, "Valid-pred_label/loss": 0.0, "Valid-pred_label/recall-binary": 0.6617647058823529, "Valid-pred_label/precision-binary": 0.36511156186612576, "Valid-pred_label/ACC": 0.7881799163179917, "_runtime": 432.6229679584503, "_step": 19, "Train-NextTime/RMSE": 0.8798603043750246, "Train-NextTime/rmse_norm": 0.2450108356919986, "Train-NextTime/msae": 0.523076483547185, "Train-pred_label/AUROC": 0.9201893983693028, "Train-pred_label/AUPRC": 0.9018568803700193, "Train-pred_label/f1-binary": 0.8401585204755614, "Train-pred_label/loss": 0.0, "Train-pred_label/recall-binary": 0.8534621578099839, "Train-pred_label/precision-binary": 0.8272632674297606, "Train-pred_label/ACC": 0.8421189979123174, "Test-NextTime/RMSE": 0.9298678211127739, "Test-NextTime/rmse_norm": 0.24183040560561114, "Test-NextTime/msae": 0.5269137256716193, "Test-pred_label/AUROC": 0.7976325950444297, "Test-pred_label/AUPRC": 0.43543656727444763, "Test-pred_label/f1-binary": 0.4495114006514658, "Test-pred_label/loss": 0.0, "Test-pred_label/recall-binary": 0.6070381231671554, "Test-pred_label/precision-binary": 0.3568965517241379, "Test-pred_label/ACC": 0.78875, "time-Time/train_epoch": 0.1463900089263916, "time-Time/valid_epoch": 0.03398354053497314, "Obj": 0.4495114006514658}