{"NextTime/RMSE": 2.4421300717079144, "NextTime/rmse_norm": 0.775789506832268, "NextTime/msae": 1.5876483747092462, "pred_label/AUROC": 0.8599548585145651, "pred_label/AUPRC": 0.52634632083505, "pred_label/f1-binary": 0.5859519408502772, "pred_label/loss": 0.0, "pred_label/recall-binary": 0.5257048092868989, "pred_label/precision-binary": 0.6617954070981211, "pred_label/ACC": 0.9432048681541582, "_timestamp": 1672390763.4779422, "_runtime": 1582.7910113334656, "_step": 15, "Time/train_epoch": 1.1648439168930054, "Time/eval_epoch": 0.40173957745234173, "Obj": 0.5859519408502772, "max_obj_val": 0.6032315978456013, "status": "completed", "_wandb": {"runtime": 1582}}