{"Valid-NextTime/RMSE": 0.9203875664724951, "_timestamp": 1672753418.9307828, "Valid-NextTime/rmse_norm": 0.2338410391359538, "Valid-NextTime/msae": 0.5289350701590334, "Valid-pred_label/AUROC": 0.8423208841463415, "Valid-pred_label/AUPRC": 0.5081174214710681, "Valid-pred_label/f1-binary": 0.4899408284023668, "Valid-pred_label/loss": 0.0, "Valid-pred_label/recall-binary": 0.7610294117647058, "Valid-pred_label/precision-binary": 0.3612565445026178, "Valid-pred_label/ACC": 0.774581589958159, "_runtime": 1137.3568048477173, "_step": 20, "Train-NextTime/RMSE": 0.9121178036637033, "Train-NextTime/rmse_norm": 0.2300161315803911, "Train-NextTime/msae": 0.5224082533593143, "Train-pred_label/AUROC": 0.8957495188712781, "Train-pred_label/AUPRC": 0.8801514616425065, "Train-pred_label/f1-binary": 0.82772577789021, "Train-pred_label/loss": 0.0, "Train-pred_label/recall-binary": 0.8534167970787689, "Train-pred_label/precision-binary": 0.8035363457760314, "Train-pred_label/ACC": 0.822286012526096, "Test-NextTime/RMSE": 0.9263159857433082, "Test-NextTime/rmse_norm": 0.23167509097308978, "Test-NextTime/msae": 0.5255914760851506, "Test-pred_label/AUROC": 0.8334157030360949, "Test-pred_label/AUPRC": 0.527036023054315, "Test-pred_label/f1-binary": 0.4916420845624385, "Test-pred_label/loss": 0.0, "Test-pred_label/recall-binary": 0.7331378299120235, "Test-pred_label/precision-binary": 0.3698224852071006, "Test-pred_label/ACC": 0.7845833333333333, "time-Time/train_epoch": 0.5169375658035278, "time-Time/valid_epoch": 0.09002117315928142, "Obj": 0.4916420845624385, "Best-Test-pred_label/f1-binary": 0.5078369905956113, "Best-Test-pred_label/AUPRC": 0.5298429783122548, "Best-Test-pred_label/AUROC": 0.8526004851029527, "Best-Valid-pred_label/f1-binary": 0.5267175572519084, "Best-Valid-pred_label/AUPRC": 0.5386606223855592, "Best-Valid-pred_label/AUROC": 0.8684854734576758, "max_obj_val": 0.5078369905956113, "status": "completed", "_wandb": {"runtime": 1136}}