{"NextTime/RMSE": 0.9469991600929715, "NextTime/rmse_norm": 0.2680270377379149, "NextTime/msae": 0.5557197735286539, "pred_label/AUROC": 0.5117465842684787, "pred_label/AUPRC": 0.15014472724134265, "pred_label/f1-binary": 0.0, "pred_label/loss": 0.0, "pred_label/recall-binary": 0.0, "pred_label/precision-binary": 0.0, "pred_label/ACC": 0.8579166666666667, "_timestamp": 1672330817.8976943, "_runtime": 46.197022438049316, "_step": 1, "status": "pruned", "Time/train_epoch": 0.19201656977335613, "Time/eval_epoch": 0.2887983560562134, "Obj": 0.15014472724134265, "_wandb": {"runtime": 45}}