{"Valid-NextTime/RMSE": 1.01701653810267, "_timestamp": 1672745308.1027231, "Valid-NextTime/rmse_norm": 0.4472823363347064, "Valid-NextTime/msae": 0.6777437466745331, "Valid-pred_label/AUROC": 0.7140994888809182, "Valid-pred_label/AUPRC": 0.27972661808579374, "Valid-pred_label/f1-binary": 0.02105263157894737, "Valid-pred_label/loss": 0.0, "Valid-pred_label/recall-binary": 0.011029411764705883, "Valid-pred_label/precision-binary": 0.23076923076923078, "Valid-pred_label/ACC": 0.8540794979079498, "_runtime": 176.70335721969604, "_step": 60, "Train-NextTime/RMSE": 1.066596771666831, "Train-NextTime/rmse_norm": 0.4616506026559031, "Train-NextTime/msae": 0.6911050215627328, "Train-pred_label/AUROC": 0.7784061696658098, "Train-pred_label/AUPRC": 0.7298148721008276, "Train-pred_label/f1-binary": 0.03901170351105331, "Train-pred_label/loss": 0.0, "Train-pred_label/recall-binary": 0.02, "Train-pred_label/precision-binary": 0.7894736842105263, "Train-pred_label/ACC": 0.5163612565445026, "Test-NextTime/RMSE": 1.0219392134682677, "Test-NextTime/rmse_norm": 0.4466088112895883, "Test-NextTime/msae": 0.6735490434517171, "Test-pred_label/AUROC": 0.6828678614308972, "Test-pred_label/AUPRC": 0.288022992315038, "Test-pred_label/f1-binary": 0.09340659340659341, "Test-pred_label/loss": 0.0, "Test-pred_label/recall-binary": 0.04985337243401759, "Test-pred_label/precision-binary": 0.7391304347826086, "Test-pred_label/ACC": 0.8625, "time-Time/train_epoch": 0.08526134093602498, "time-Time/valid_epoch": 0.06853302319844563, "Obj": 0.09340659340659341, "Best-Test-pred_label/f1-binary": 0.3601036269430052, "Best-Test-pred_label/AUPRC": 0.32428234133451705, "Best-Test-pred_label/AUROC": 0.7308618624478188, "Best-Valid-pred_label/f1-binary": 0.4346456692913385, "Best-Valid-pred_label/AUPRC": 0.39565304917015615, "Best-Valid-pred_label/AUROC": 0.76594781205165, "max_obj_val": 0.3853211009174312, "status": "completed", "_wandb": {"runtime": 176}}