{"NextTime/RMSE": 2.591539729335357, "NextTime/rmse_norm": 0.8455102306626039, "NextTime/msae": 1.6304094094293455, "pred_label/AUROC": 0.8445202231731456, "pred_label/AUPRC": 0.45927378985030937, "pred_label/f1-binary": 0.5678346810422282, "pred_label/loss": 0.0, "pred_label/recall-binary": 0.5310924369747899, "pred_label/precision-binary": 0.61003861003861, "pred_label/ACC": 0.9383965163934426, "_timestamp": 1672402884.7454495, "_runtime": 28.556296586990356, "_step": 1, "Time/train_epoch": 0.15559194087982178, "Time/eval_epoch": 0.14879417022069294, "Obj": 0.5678346810422282}