{"NextTime/RMSE": 0.9491703077978783, "NextTime/rmse_norm": 0.2674120080004467, "NextTime/msae": 0.5560101942861392, "pred_label/AUROC": 0.6861892357278466, "pred_label/AUPRC": 0.2824759848139854, "pred_label/f1-binary": 0.18574514038876888, "pred_label/loss": 0.0, "pred_label/recall-binary": 0.12609970674486803, "pred_label/precision-binary": 0.3524590163934426, "pred_label/ACC": 0.8429166666666666, "_timestamp": 1672335111.7799792, "_runtime": 84.54911923408508, "_step": 12, "Time/train_epoch": 0.04392862319946289, "Time/eval_epoch": 0.06167218287785848, "Obj": 0.18574514038876888, "obj_val": 0.18574514038876888, "status": "completed", "_wandb": {"runtime": 83}}