{"Valid-NextTime/RMSE": 2.419069663699681, "_timestamp": 1672778134.7109237, "Valid-NextTime/rmse_norm": 0.978271767650823, "Valid-NextTime/msae": 1.6754649865245093, "Valid-pred_label/AUROC": 0.9130374209938639, "Valid-pred_label/AUPRC": 0.6684307819517447, "Valid-pred_label/f1-binary": 0.6273798730734361, "Valid-pred_label/loss": 0.0, "Valid-pred_label/recall-binary": 0.5737976782752903, "Valid-pred_label/precision-binary": 0.692, "Valid-pred_label/ACC": 0.9478955375253549, "_runtime": 2248.5063757896423, "_step": 30, "Train-NextTime/RMSE": 2.3551800843993886, "Train-NextTime/rmse_norm": 0.9340327348066152, "Train-NextTime/msae": 1.481603894903819, "Train-pred_label/AUROC": 0.9566859897088518, "Train-pred_label/AUPRC": 0.9592868144618015, "Train-pred_label/f1-binary": 0.8629441624365483, "Train-pred_label/loss": 0.0, "Train-pred_label/recall-binary": 0.7958509271158436, "Train-pred_label/precision-binary": 0.9423913043478261, "Train-pred_label/ACC": 0.8786997885835095, "Test-NextTime/RMSE": 2.419069663699681, "Test-NextTime/rmse_norm": 0.978271767650823, "Test-NextTime/msae": 1.6754649865245093, "Test-pred_label/AUROC": 0.9130374209938639, "Test-pred_label/AUPRC": 0.6684307819517447, "Test-pred_label/f1-binary": 0.6273798730734361, "Test-pred_label/loss": 0.0, "Test-pred_label/recall-binary": 0.5737976782752903, "Test-pred_label/precision-binary": 0.692, "Test-pred_label/ACC": 0.9478955375253549, "time-Time/train_epoch": 0.5174807707468668, "time-Time/valid_epoch": 0.17191681464513142, "Obj": 0.6273798730734361, "Best-Test-pred_label/f1-binary": 0.6630727762803235, "Best-Test-pred_label/AUPRC": 0.7220916952899253, "Best-Test-pred_label/AUROC": 0.9342843094069803, "Best-Valid-pred_label/f1-binary": 0.6630727762803235, "Best-Valid-pred_label/AUPRC": 0.7220916952899253, "Best-Valid-pred_label/AUROC": 0.9342843094069803, "max_obj_val": 0.6630727762803235, "status": "completed", "_wandb": {"runtime": 2247}}