{"NextTime/RMSE": 0.9474134018498763, "NextTime/rmse_norm": 0.26981781923499554, "NextTime/msae": 0.5550062468364095, "pred_label/AUROC": 0.829067437286272, "pred_label/AUPRC": 0.4577962503095422, "pred_label/f1-binary": 0.4763513513513513, "pred_label/loss": 0.0, "pred_label/recall-binary": 0.41348973607038125, "pred_label/precision-binary": 0.5617529880478087, "pred_label/ACC": 0.8708333333333333, "_timestamp": 1672322117.4327967, "_runtime": 473.54405665397644, "_step": 5, "Time/train_epoch": 1.3002521594365437, "Time/eval_epoch": 0.18025075991948444, "final accuracy": 0, "state": "complated", "_wandb": {"runtime": 472}}