{"NextTime/RMSE": 0.9503034183767926, "NextTime/rmse_norm": 0.254053449303121, "NextTime/msae": 0.5381588992332766, "pred_label/AUROC": 0.6160593859445478, "pred_label/AUPRC": 0.21689038651252285, "pred_label/f1-binary": 0.0, "pred_label/loss": 0.0, "pred_label/recall-binary": 0.0, "pred_label/precision-binary": 0.0, "pred_label/ACC": 0.8579166666666667, "_timestamp": 1672332002.6802757, "_runtime": 314.52880668640137, "_step": 10, "Time/train_epoch": 0.1774025042851766, "Time/eval_epoch": 0.2791730205217997, "Obj": 0.21689038651252285, "obj_val": 0.21689038651252285, "status": "completed", "_wandb": {"runtime": 314}}