{"NextTime/RMSE": 0.9497947212498932, "NextTime/rmse_norm": 0.2824116689894668, "NextTime/msae": 0.5615464738535778, "pred_label/AUROC": 0.7286143801834162, "pred_label/AUPRC": 0.28668393932725666, "pred_label/f1-binary": 0.0, "pred_label/loss": 0.0, "pred_label/recall-binary": 0.0, "pred_label/precision-binary": 0.0, "pred_label/ACC": 0.8579166666666667, "_timestamp": 1672333519.4518037, "_runtime": 58.07993173599243, "_step": 3, "Time/train_epoch": 0.22516875267028807, "Time/eval_epoch": 0.07073654333750407, "Obj": 0.0, "status": "stopped", "_wandb": {"runtime": 57}}