{"NextTime/RMSE": 4.032675098078282, "NextTime/rmse_norm": 1.247994556986313, "NextTime/msae": 3.2121335526242665, "pred_label/AUROC": 0.5847339600328261, "pred_label/AUPRC": 0.10216642080232861, "pred_label/f1-binary": 0.1419191919191919, "pred_label/loss": 0.0, "pred_label/recall-binary": 0.9320066334991708, "pred_label/precision-binary": 0.07680743474101408, "pred_label/ACC": 0.13843813387423934, "_timestamp": 1672397867.9194229, "_runtime": 15.721304893493652, "_step": 0}