{"NextTime/RMSE": 0.9395839707037087, "NextTime/rmse_norm": 0.2692440941087357, "NextTime/msae": 0.5491805087626497, "pred_label/AUROC": 0.7109393137060811, "pred_label/AUPRC": 0.28184525319626297, "pred_label/f1-binary": 0.0, "pred_label/loss": 0.0, "pred_label/recall-binary": 0.0, "pred_label/precision-binary": 0.0, "pred_label/ACC": 0.8575, "_timestamp": 1672333436.193156, "_runtime": 268.1124289035797, "_step": 3, "Time/train_epoch": 1.111066424846649, "Time/eval_epoch": 0.2755312561988831, "Obj": 0.0, "status": "stopped", "_wandb": {"runtime": 267}}