{"NextTime/RMSE": 0.9436177944274411, "NextTime/rmse_norm": 0.2516359665188854, "NextTime/msae": 0.5414725179914053, "pred_label/AUROC": 0.5576113166001775, "pred_label/AUPRC": 0.18979854563071463, "pred_label/f1-binary": 0.02298850574712644, "pred_label/loss": 0.0, "pred_label/recall-binary": 0.011730205278592375, "pred_label/precision-binary": 0.5714285714285714, "pred_label/ACC": 0.8583333333333333, "_timestamp": 1672332393.0098393, "_runtime": 288.9211893081665, "_step": 5, "Time/train_epoch": 0.6317814310391744, "Time/eval_epoch": 0.17644979556401572, "Obj": 0.18979854563071463, "status": "stopped", "_wandb": {"runtime": 288}}