{"NextTime/RMSE": 0.9435185134153169, "NextTime/rmse_norm": 0.2838984949352978, "NextTime/msae": 0.5657056060649612, "pred_label/AUROC": 0.8201430241882074, "pred_label/AUPRC": 0.44482342241338607, "pred_label/f1-binary": 0.3173913043478261, "pred_label/loss": 0.0, "pred_label/recall-binary": 0.21407624633431085, "pred_label/precision-binary": 0.6134453781512605, "pred_label/ACC": 0.8691666666666666, "_timestamp": 1672324187.2556372, "_runtime": 291.3573622703552, "_step": 5, "Time/train_epoch": 0.8160298426946004, "Time/eval_epoch": 0.12575409015019734, "Obj": 0, "final accuracy": 0, "state": "complated", "_wandb": {"runtime": 290}}