{"Valid-NextTime/RMSE": 0.9251890765158819, "_timestamp": 1672688322.3968759, "Valid-NextTime/rmse_norm": 0.2362538198517714, "Valid-NextTime/msae": 0.5371770234607637, "Valid-pred_label/AUROC": 0.8078932030129126, "Valid-pred_label/AUPRC": 0.4256900205968889, "Valid-pred_label/f1-binary": 0.4439140811455848, "Valid-pred_label/loss": 0.0, "Valid-pred_label/recall-binary": 0.6838235294117647, "Valid-pred_label/precision-binary": 0.3286219081272085, "Valid-pred_label/ACC": 0.7562761506276151, "_runtime": 412.05358386039734, "_step": 18, "Train-NextTime/RMSE": 0.912997639172188, "Train-NextTime/rmse_norm": 0.24264116930743168, "Train-NextTime/msae": 0.5339865044139405, "Train-pred_label/AUROC": 0.9395972294986524, "Train-pred_label/AUPRC": 0.9224798002423675, "Train-pred_label/f1-binary": 0.8872889771598808, "Train-pred_label/loss": 0.0, "Train-pred_label/recall-binary": 0.9440042260961437, "Train-pred_label/precision-binary": 0.8370023419203747, "Train-pred_label/ACC": 0.8815240083507306, "Test-NextTime/RMSE": 0.9340836944689282, "Test-NextTime/rmse_norm": 0.23502604955203366, "Test-NextTime/msae": 0.5373535463593629, "Test-pred_label/AUROC": 0.7901238963765402, "Test-pred_label/AUPRC": 0.40119274140099825, "Test-pred_label/f1-binary": 0.43564356435643564, "Test-pred_label/loss": 0.0, "Test-pred_label/recall-binary": 0.6451612903225806, "Test-pred_label/precision-binary": 0.32884902840059793, "Test-pred_label/ACC": 0.7625, "time-Time/train_epoch": 0.2649144172668457, "time-Time/valid_epoch": 0.06311760743459066, "Obj": 0.43564356435643564, "max_obj_val": 0.49604221635883905, "status": "completed", "_wandb": {"runtime": 411}}