{"Valid-NextTime/RMSE": 0.9379511465557663, "_timestamp": 1672745093.3252559, "Valid-NextTime/rmse_norm": 0.21169110282487147, "Valid-NextTime/msae": 0.4990564670651138, "Valid-pred_label/AUROC": 0.656239912123386, "Valid-pred_label/AUPRC": 0.2406346848429916, "Valid-pred_label/f1-binary": 0.2261640798226164, "Valid-pred_label/loss": 0.0, "Valid-pred_label/recall-binary": 0.1875, "Valid-pred_label/precision-binary": 0.2849162011173184, "Valid-pred_label/ACC": 0.8174686192468619, "_runtime": 37.97294878959656, "_step": 12, "Train-NextTime/RMSE": 0.9482508910146754, "Train-NextTime/rmse_norm": 0.20986256720992005, "Train-NextTime/msae": 0.5076392783333523, "Train-pred_label/AUROC": 0.6776992067413262, "Train-pred_label/AUPRC": 0.613966224877865, "Train-pred_label/f1-binary": 0.31851085832471565, "Train-pred_label/loss": 0.0, "Train-pred_label/recall-binary": 0.20923913043478262, "Train-pred_label/precision-binary": 0.6666666666666666, "Train-pred_label/ACC": 0.568717277486911, "Test-NextTime/RMSE": 0.9441042516195421, "Test-NextTime/rmse_norm": 0.20931956512324876, "Test-NextTime/msae": 0.49683467871661996, "Test-pred_label/AUROC": 0.6410957401807955, "Test-pred_label/AUPRC": 0.2240855402152682, "Test-pred_label/f1-binary": 0.20035149384885764, "Test-pred_label/loss": 0.0, "Test-pred_label/recall-binary": 0.16715542521994134, "Test-pred_label/precision-binary": 0.25, "Test-pred_label/ACC": 0.8104166666666667, "time-Time/train_epoch": 0.08455582459767659, "time-Time/valid_epoch": 0.06191423734029134, "Obj": 0.20035149384885764, "Best-Test-pred_label/f1-binary": 0.30272108843537415, "Best-Test-pred_label/AUPRC": 0.2406346848429916, "Best-Test-pred_label/AUROC": 0.6622343525824963}