{"NextTime/RMSE": 0.9473905837044944, "NextTime/rmse_norm": 0.27031540013270394, "NextTime/msae": 0.5552327946314715, "pred_label/AUROC": 0.8242292260998493, "pred_label/AUPRC": 0.45156968174958895, "pred_label/f1-binary": 0.163265306122449, "pred_label/loss": 0.0, "pred_label/recall-binary": 0.093841642228739, "pred_label/precision-binary": 0.6274509803921569, "pred_label/ACC": 0.8633333333333333, "_timestamp": 1672322543.9016478, "_runtime": 420.71283888816833, "_step": 5, "Time/train_epoch": 1.1271240671475729, "Time/eval_epoch": 0.16468889713287355, "final accuracy": 0, "state": "complated", "_wandb": {"runtime": 419}}