{"NextTime/RMSE": 2.419772263722631, "NextTime/rmse_norm": 0.6755758347038171, "NextTime/msae": 1.5361585257322428, "pred_label/AUROC": 0.8571614587779474, "pred_label/AUPRC": 0.48977030651857, "pred_label/f1-binary": 0.59552495697074, "pred_label/loss": 0.0, "pred_label/recall-binary": 0.5737976782752903, "pred_label/precision-binary": 0.6189624329159212, "pred_label/ACC": 0.9404158215010142, "_timestamp": 1672396002.3348563, "_runtime": 99.23425722122192, "_step": 2, "Time/train_epoch": 0.47440234025319417, "Time/eval_epoch": 0.2373056650161743, "Obj": 0.59552495697074}