{"Valid-NextTime/RMSE": 2.416890790706682, "_timestamp": 1672778778.0263395, "Valid-NextTime/rmse_norm": 1.0093203031086568, "Valid-NextTime/msae": 1.6923883321105933, "Valid-pred_label/AUROC": 0.9318063081981991, "Valid-pred_label/AUPRC": 0.6616003907762781, "Valid-pred_label/f1-binary": 0.6246672582076309, "Valid-pred_label/loss": 0.0, "Valid-pred_label/recall-binary": 0.5837479270315091, "Valid-pred_label/precision-binary": 0.6717557251908397, "Valid-pred_label/ACC": 0.9463742393509128, "_runtime": 556.4926896095276, "_step": 6, "Train-NextTime/RMSE": 2.3804410175353232, "Train-NextTime/rmse_norm": 0.9824797090603934, "Train-NextTime/msae": 1.5303124860327686, "Train-pred_label/AUROC": 0.9374587140998819, "Train-pred_label/AUPRC": 0.9343594612860686, "Train-pred_label/f1-binary": 0.8126862494678586, "Train-pred_label/loss": 0.0, "Train-pred_label/recall-binary": 0.7092699238342931, "Train-pred_label/precision-binary": 0.9514079242461998, "Train-pred_label/ACC": 0.8449612403100775, "Test-NextTime/RMSE": 2.416890790706682, "Test-NextTime/rmse_norm": 1.0093203031086568, "Test-NextTime/msae": 1.6923883321105933, "Test-pred_label/AUROC": 0.9318063081981991, "Test-pred_label/AUPRC": 0.6616003907762781, "Test-pred_label/f1-binary": 0.6246672582076309, "Test-pred_label/loss": 0.0, "Test-pred_label/recall-binary": 0.5837479270315091, "Test-pred_label/precision-binary": 0.6717557251908397, "Test-pred_label/ACC": 0.9463742393509128, "time-Time/train_epoch": 0.6554284532864888, "time-Time/valid_epoch": 0.2271346886952718, "Obj": 0.6246672582076309, "Best-Test-pred_label/f1-binary": 0.6246672582076309, "Best-Test-pred_label/AUPRC": 0.6616003907762781, "Best-Test-pred_label/AUROC": 0.9318063081981991, "Best-Valid-pred_label/f1-binary": 0.6246672582076309, "Best-Valid-pred_label/AUPRC": 0.6616003907762781, "Best-Valid-pred_label/AUROC": 0.9318063081981991}