{"NextTime/RMSE": 2.6552889219506244, "NextTime/rmse_norm": 0.8941820372217095, "NextTime/msae": 1.6533049942108378, "pred_label/AUROC": 0.8351839521222532, "pred_label/AUPRC": 0.4885689887680564, "pred_label/f1-binary": 0.5682715074980267, "pred_label/loss": 0.0, "pred_label/recall-binary": 0.5970149253731343, "pred_label/precision-binary": 0.5421686746987951, "pred_label/ACC": 0.9306541582150102, "_timestamp": 1672390930.6586654, "_runtime": 130.84867644309998, "_step": 1, "Time/train_epoch": 1.2363302946090697, "Time/eval_epoch": 0.4530779282251994, "Obj": 0.5682715074980267}