{"Valid-NextTime/RMSE": 2.435906020178507, "_timestamp": 1672778772.286907, "Valid-NextTime/rmse_norm": 0.8381968449493702, "Valid-NextTime/msae": 1.6422395522033713, "Valid-pred_label/AUROC": 0.5, "Valid-pred_label/AUPRC": 0.07644523326572009, "Valid-pred_label/f1-binary": 0.0, "Valid-pred_label/loss": 0.0, "Valid-pred_label/recall-binary": 0.0, "Valid-pred_label/precision-binary": 0.0, "Valid-pred_label/ACC": 0.9235547667342799, "_runtime": 554.429144859314, "_step": 6, "Train-NextTime/RMSE": 2.3766523756087943, "Train-NextTime/rmse_norm": 0.9678767891838699, "Train-NextTime/msae": 1.5267747622989103, "Train-pred_label/AUROC": 0.5, "Train-pred_label/AUPRC": 0.46811134601832277, "Train-pred_label/f1-binary": 0.0, "Train-pred_label/loss": 0.0, "Train-pred_label/recall-binary": 0.0, "Train-pred_label/precision-binary": 0.0, "Train-pred_label/ACC": 0.5318886539816773, "Test-NextTime/RMSE": 2.435906020178507, "Test-NextTime/rmse_norm": 0.8381968449493702, "Test-NextTime/msae": 1.6422395522033713, "Test-pred_label/AUROC": 0.5, "Test-pred_label/AUPRC": 0.07644523326572009, "Test-pred_label/f1-binary": 0.0, "Test-pred_label/loss": 0.0, "Test-pred_label/recall-binary": 0.0, "Test-pred_label/precision-binary": 0.0, "Test-pred_label/ACC": 0.9235547667342799, "time-Time/train_epoch": 0.6548700571060181, "time-Time/valid_epoch": 0.22428845167160033, "Obj": 0.0, "Best-Test-pred_label/f1-binary": 0, "Best-Test-pred_label/AUPRC": 0.07644523326572009, "Best-Test-pred_label/AUROC": 0.5, "Best-Valid-pred_label/f1-binary": 0, "Best-Valid-pred_label/AUPRC": 0.07644523326572009, "Best-Valid-pred_label/AUROC": 0.5}