{"NextTime/RMSE": 0.9520061408595748, "NextTime/rmse_norm": 0.2762861941945613, "NextTime/msae": 0.5630538853285754, "pred_label/AUROC": 0.6029597546854593, "pred_label/AUPRC": 0.2005928305249293, "pred_label/f1-binary": 0.0, "pred_label/loss": 0.0, "pred_label/recall-binary": 0.0, "pred_label/precision-binary": 0.0, "pred_label/ACC": 0.8579166666666667, "_timestamp": 1672330021.8976412, "_runtime": 209.49558210372925, "_step": 10, "Time/train_epoch": 0.12312127749125162, "Time/eval_epoch": 0.1742487112681071, "Obj": 0.2005928305249293, "final accuracy": 0.2005928305249293, "status": "completed", "_wandb": {"runtime": 208}}