{"Valid-NextTime/RMSE": 0.9387679243818694, "_timestamp": 1672682387.1751168, "Valid-NextTime/rmse_norm": 0.24499267974988972, "Valid-NextTime/msae": 0.5362258872538042, "Valid-pred_label/AUROC": 0.6548909520745387, "Valid-pred_label/AUPRC": 0.23231493982250062, "Valid-pred_label/f1-binary": 0.0, "Valid-pred_label/loss": 0.0, "Valid-pred_label/recall-binary": 0.0, "Valid-pred_label/precision-binary": 0.0, "Valid-pred_label/ACC": 0.8561422413793104, "_runtime": 14.085040807723999, "_step": 1, "Train-NextTime/RMSE": 0.9322473071037172, "Train-NextTime/rmse_norm": 0.2414703185661465, "Train-NextTime/msae": 0.5356892180519736, "Train-pred_label/AUROC": 0.6847644188842011, "Train-pred_label/AUPRC": 0.6719060504032013, "Train-pred_label/f1-binary": 0.0, "Train-pred_label/loss": 0.0, "Train-pred_label/recall-binary": 0.0, "Train-pred_label/precision-binary": 0.0, "Train-pred_label/ACC": 0.493114406779661, "Test-NextTime/RMSE": 0.946242463001711, "Test-NextTime/rmse_norm": 0.2424739172745496, "Test-NextTime/msae": 0.5333621408299389, "Test-pred_label/AUROC": 0.6462139682567375, "Test-pred_label/AUPRC": 0.269541092509889, "Test-pred_label/f1-binary": 0.0, "Test-pred_label/loss": 0.0, "Test-pred_label/recall-binary": 0.0, "Test-pred_label/precision-binary": 0.0, "Test-pred_label/ACC": 0.8568412162162162, "time-Time/train_epoch": 0.0720661203066508, "time-Time/valid_epoch": 0.0277462363243103, "Obj": 0.0}