{"NextTime/RMSE": 1.3155164617688486, "NextTime/rmse_norm": 0.8441796488347496, "NextTime/msae": 0.9196875005666253, "pred_label/AUROC": 0.5264898115561607, "pred_label/AUPRC": 0.15538033220299205, "pred_label/f1-binary": 0.1872749099639856, "pred_label/loss": 0.0, "pred_label/recall-binary": 0.2287390029325513, "pred_label/precision-binary": 0.15853658536585366, "pred_label/ACC": 0.7179166666666666, "_timestamp": 1672392813.3883853, "_runtime": 6.467616319656372, "_step": 0}