{"NextTime/RMSE": 3.5359485053179647, "NextTime/rmse_norm": 0.8906986239270482, "NextTime/msae": 2.581380683951247, "pred_label/AUROC": 0.47496377640509413, "pred_label/AUPRC": 0.07430327221489609, "pred_label/f1-binary": 0.1420327405488164, "pred_label/loss": 0.0, "pred_label/recall-binary": 1.0, "pred_label/precision-binary": 0.07644523326572009, "pred_label/ACC": 0.07644523326572009, "_timestamp": 1672398217.590447, "_runtime": 16.46669888496399, "_step": 0}