{"Valid-NextTime/RMSE": 0.9300264788415531, "_timestamp": 1672680071.1938748, "Valid-NextTime/rmse_norm": 0.24527913935730108, "Valid-NextTime/msae": 0.5366262172883124, "Valid-pred_label/AUROC": 0.7831168402618187, "Valid-pred_label/AUPRC": 0.36741186411313287, "Valid-pred_label/f1-binary": 0.41592920353982293, "Valid-pred_label/loss": 0.0, "Valid-pred_label/recall-binary": 0.704119850187266, "Valid-pred_label/precision-binary": 0.29513343799058084, "Valid-pred_label/ACC": 0.7155172413793104, "_runtime": 194.13766074180603, "_step": 19, "Train-NextTime/RMSE": 0.8973445498716358, "Train-NextTime/rmse_norm": 0.2509463371146968, "Train-NextTime/msae": 0.5364235469371494, "Train-pred_label/AUROC": 0.9358160703348942, "Train-pred_label/AUPRC": 0.9223348815750747, "Train-pred_label/f1-binary": 0.8690360272638753, "Train-pred_label/loss": 0.0, "Train-pred_label/recall-binary": 0.9530165509877202, "Train-pred_label/precision-binary": 0.7986577181208053, "Train-pred_label/ACC": 0.857521186440678, "Test-NextTime/RMSE": 0.9349554838214076, "Test-NextTime/rmse_norm": 0.24127320998379018, "Test-NextTime/msae": 0.5345223967011992, "Test-pred_label/AUROC": 0.7713479037728744, "Test-pred_label/AUPRC": 0.332915765949486, "Test-pred_label/f1-binary": 0.4150943396226415, "Test-pred_label/loss": 0.0, "Test-pred_label/recall-binary": 0.6814159292035398, "Test-pred_label/precision-binary": 0.29844961240310075, "Test-pred_label/ACC": 0.7250844594594594, "time-Time/train_epoch": 0.06695594787597656, "time-Time/valid_epoch": 0.023431479930877686, "Obj": 0.4150943396226415, "max_obj_val": 0.4277180406212664, "status": "completed", "_wandb": {"runtime": 193}}