{"Valid-NextTime/RMSE": 0.9325655879288322, "_timestamp": 1672688977.5399845, "Valid-NextTime/rmse_norm": 0.22300626459918327, "Valid-NextTime/msae": 0.5083132104739466, "Valid-pred_label/AUROC": 0.796446825681492, "Valid-pred_label/AUPRC": 0.4595929214770004, "Valid-pred_label/f1-binary": 0.45479452054794517, "Valid-pred_label/loss": 0.0, "Valid-pred_label/recall-binary": 0.6102941176470589, "Valid-pred_label/precision-binary": 0.3624454148471616, "Valid-pred_label/ACC": 0.7918410041841004, "_runtime": 600.8446733951569, "_step": 24, "Train-NextTime/RMSE": 0.9171903649642452, "Train-NextTime/rmse_norm": 0.22649660537392996, "Train-NextTime/msae": 0.5181425534574841, "Train-pred_label/AUROC": 0.936181201844969, "Train-pred_label/AUPRC": 0.9125399865387749, "Train-pred_label/f1-binary": 0.869093725793958, "Train-pred_label/loss": 0.0, "Train-pred_label/recall-binary": 0.8830010493179433, "Train-pred_label/precision-binary": 0.8556176919166243, "Train-pred_label/ACC": 0.8676931106471816, "Test-NextTime/RMSE": 0.9397107914023264, "Test-NextTime/rmse_norm": 0.22041099889558463, "Test-NextTime/msae": 0.5057814626311996, "Test-pred_label/AUROC": 0.8065997359421977, "Test-pred_label/AUPRC": 0.4382943316027683, "Test-pred_label/f1-binary": 0.45901639344262296, "Test-pred_label/loss": 0.0, "Test-pred_label/recall-binary": 0.6158357771260997, "Test-pred_label/precision-binary": 0.36585365853658536, "Test-pred_label/ACC": 0.79375, "time-Time/train_epoch": 0.2406811833381653, "time-Time/valid_epoch": 0.06347060600916545, "Obj": 0.45901639344262296, "max_obj_val": 0.5119196988707654, "status": "completed", "_wandb": {"runtime": 600}}