{"Valid-NextTime/RMSE": 1.0540533572252546, "_timestamp": 1672688304.6526384, "Valid-NextTime/rmse_norm": 0.5181243871039839, "Valid-NextTime/msae": 0.7266676401185542, "Valid-pred_label/AUROC": 0.44857760939741753, "Valid-pred_label/AUPRC": 0.12832624488012925, "Valid-pred_label/f1-binary": 0.0, "Valid-pred_label/loss": 0.0, "Valid-pred_label/recall-binary": 0.0, "Valid-pred_label/precision-binary": 0.0, "Valid-pred_label/ACC": 0.8577405857740585, "_runtime": 70.28652048110962, "_step": 2, "Train-NextTime/RMSE": 1.0411281455362131, "Train-NextTime/rmse_norm": 0.5123965586635554, "Train-NextTime/msae": 0.717043212064125, "Train-pred_label/AUROC": 0.48441793495686464, "Train-pred_label/AUPRC": 0.4780055438415502, "Train-pred_label/f1-binary": 0.0, "Train-pred_label/loss": 0.0, "Train-pred_label/recall-binary": 0.0, "Train-pred_label/precision-binary": 0.0, "Train-pred_label/ACC": 0.5033924843423799, "Test-NextTime/RMSE": 1.057224102629616, "Test-NextTime/rmse_norm": 0.5165085789015037, "Test-NextTime/msae": 0.7227559893315224, "Test-pred_label/AUROC": 0.47088741367204134, "Test-pred_label/AUPRC": 0.12879959342272612, "Test-pred_label/f1-binary": 0.0, "Test-pred_label/loss": 0.0, "Test-pred_label/recall-binary": 0.0, "Test-pred_label/precision-binary": 0.0, "Test-pred_label/ACC": 0.8579166666666667, "time-Time/train_epoch": 0.27273513078689576, "time-Time/valid_epoch": 0.0665255864461263, "Obj": 0.0}