{"NextTime/RMSE": 3.393191387345273, "NextTime/rmse_norm": 0.8067699206032771, "NextTime/msae": 2.4139962281457925, "pred_label/AUROC": 0.42172778295664215, "pred_label/AUPRC": 0.060920167881320327, "pred_label/f1-binary": 0.0, "pred_label/loss": 0.0, "pred_label/recall-binary": 0.0, "pred_label/precision-binary": 0.0, "pred_label/ACC": 0.9235547667342799, "_timestamp": 1672406619.8197272, "_runtime": 173.93707609176636, "_step": 0}