{"Valid-NextTime/RMSE": 0.9559100028197265, "_timestamp": 1672682387.2497234, "Valid-NextTime/rmse_norm": 0.2768117025402867, "Valid-NextTime/msae": 0.5602317371496645, "Valid-pred_label/AUROC": 0.6816243697894938, "Valid-pred_label/AUPRC": 0.23803930639778081, "Valid-pred_label/f1-binary": 0.0, "Valid-pred_label/loss": 0.0, "Valid-pred_label/recall-binary": 0.0, "Valid-pred_label/precision-binary": 0.0, "Valid-pred_label/ACC": 0.8561422413793104, "_runtime": 14.146128416061401, "_step": 1, "Train-NextTime/RMSE": 0.9312133286960759, "Train-NextTime/rmse_norm": 0.27327157649550654, "Train-NextTime/msae": 0.556151999582872, "Train-pred_label/AUROC": 0.7082686270598338, "Train-pred_label/AUPRC": 0.6661435956504204, "Train-pred_label/f1-binary": 0.0, "Train-pred_label/loss": 0.0, "Train-pred_label/recall-binary": 0.0, "Train-pred_label/precision-binary": 0.0, "Train-pred_label/ACC": 0.505031779661017, "Test-NextTime/RMSE": 0.9613234395580835, "Test-NextTime/rmse_norm": 0.27464951081657746, "Test-NextTime/msae": 0.5564684680612451, "Test-pred_label/AUROC": 0.6678268353708978, "Test-pred_label/AUPRC": 0.23894438941356033, "Test-pred_label/f1-binary": 0.0, "Test-pred_label/loss": 0.0, "Test-pred_label/recall-binary": 0.0, "Test-pred_label/precision-binary": 0.0, "Test-pred_label/ACC": 0.8568412162162162, "time-Time/train_epoch": 0.07257421414057413, "time-Time/valid_epoch": 0.02759365240732829, "Obj": 0.0}