{"Valid-NextTime/RMSE": 0.9222146224005922, "_timestamp": 1672686695.988593, "Valid-NextTime/rmse_norm": 0.25884305747812886, "Valid-NextTime/msae": 0.5385589734000119, "Valid-pred_label/AUROC": 0.8187410329985654, "Valid-pred_label/AUPRC": 0.41454316435913546, "Valid-pred_label/f1-binary": 0.4774897680763983, "Valid-pred_label/loss": 0.0, "Valid-pred_label/recall-binary": 0.6433823529411765, "Valid-pred_label/precision-binary": 0.3796095444685466, "Valid-pred_label/ACC": 0.7996861924686193, "_runtime": 319.0639400482178, "_step": 14, "Train-NextTime/RMSE": 0.9060526622916771, "Train-NextTime/rmse_norm": 0.2559023700037184, "Train-NextTime/msae": 0.5354009932342659, "Train-pred_label/AUROC": 0.9229423559757464, "Train-pred_label/AUPRC": 0.9064835140041978, "Train-pred_label/f1-binary": 0.8433986928104574, "Train-pred_label/loss": 0.0, "Train-pred_label/recall-binary": 0.8440607012035584, "Train-pred_label/precision-binary": 0.8427377220480669, "Train-pred_label/ACC": 0.8436847599164927, "Test-NextTime/RMSE": 0.9286459893522314, "Test-NextTime/rmse_norm": 0.2535936212823119, "Test-NextTime/msae": 0.5356728840159636, "Test-pred_label/AUROC": 0.8204805738058649, "Test-pred_label/AUPRC": 0.4364035209518642, "Test-pred_label/f1-binary": 0.48127128263337116, "Test-pred_label/loss": 0.0, "Test-pred_label/recall-binary": 0.6217008797653959, "Test-pred_label/precision-binary": 0.3925925925925926, "Test-pred_label/ACC": 0.8095833333333333, "time-Time/train_epoch": 0.1885768214861552, "time-Time/valid_epoch": 0.04082385301589966, "Obj": 0.48127128263337116, "max_obj_val": 0.5153733528550511, "status": "completed", "_wandb": {"runtime": 318}}