{"Valid-NextTime/RMSE": 2.4066221244637163, "_timestamp": 1672822566.5169463, "Valid-NextTime/rmse_norm": 0.9394743846891848, "Valid-NextTime/msae": 1.6544412802485458, "Valid-pred_label/AUROC": 0.9054718400675642, "Valid-pred_label/AUPRC": 0.629894867257117, "Valid-pred_label/f1-binary": 0.5905743740795286, "Valid-pred_label/loss": 0.0, "Valid-pred_label/recall-binary": 0.6650082918739635, "Valid-pred_label/precision-binary": 0.5311258278145695, "Valid-pred_label/ACC": 0.9295131845841785, "_runtime": 2021.0692353248596, "_step": 30, "Train-NextTime/RMSE": 2.3589875493791417, "Train-NextTime/rmse_norm": 0.9666651862918325, "Train-NextTime/msae": 1.5040502078881055, "Train-pred_label/AUROC": 0.9928377866596807, "Train-pred_label/AUPRC": 0.9917252032665063, "Train-pred_label/f1-binary": 0.9531531531531533, "Train-pred_label/loss": 0.0, "Train-pred_label/recall-binary": 0.985653065027017, "Train-pred_label/precision-binary": 0.9227280655852085, "Train-pred_label/ACC": 0.9541930937279774, "Test-NextTime/RMSE": 2.4066221244637163, "Test-NextTime/rmse_norm": 0.9394743846891848, "Test-NextTime/msae": 1.6544412802485458, "Test-pred_label/AUROC": 0.9054718400675642, "Test-pred_label/AUPRC": 0.629894867257117, "Test-pred_label/f1-binary": 0.5905743740795286, "Test-pred_label/loss": 0.0, "Test-pred_label/recall-binary": 0.6650082918739635, "Test-pred_label/precision-binary": 0.5311258278145695, "Test-pred_label/ACC": 0.9295131845841785, "time-Time/train_epoch": 0.7072836875915527, "time-Time/valid_epoch": 0.2405473470687866, "Obj": 0.5905743740795286, "Best-Test-pred_label/f1-binary": 0.6436961628817541, "Best-Test-pred_label/AUPRC": 0.6870095080318311, "Best-Test-pred_label/AUROC": 0.9303341448784447, "Best-Valid-pred_label/f1-binary": 0.6436961628817541, "Best-Valid-pred_label/AUPRC": 0.6870095080318311, "Best-Valid-pred_label/AUROC": 0.9303341448784447, "max_obj_val": 0.6436961628817541, "status": "completed", "_wandb": {"runtime": 2020}}