{"NextTime/RMSE": 0.9246977481622297, "NextTime/rmse_norm": 0.2791420348325243, "NextTime/msae": 0.5561966000942524, "pred_label/AUROC": 0.7980869339812767, "pred_label/AUPRC": 0.42169196331797787, "pred_label/f1-binary": 0.17391304347826084, "pred_label/loss": 0.0, "pred_label/recall-binary": 0.09970674486803519, "pred_label/precision-binary": 0.68, "pred_label/ACC": 0.8654166666666666, "_timestamp": 1672327147.7375622, "_runtime": 208.36310720443726, "_step": 2, "Time/train_epoch": 1.432672663529714, "Time/eval_epoch": 0.21284023920694986, "Obj": 0, "final accuracy": 0, "state": "complated", "_wandb": {"runtime": 207}}