{"NextTime/RMSE": 0.9293771401746298, "NextTime/rmse_norm": 0.27723455813862247, "NextTime/msae": 0.5483137258654861, "pred_label/AUROC": 0.6587943069479674, "pred_label/AUPRC": 0.23138808684513262, "pred_label/f1-binary": 0.22024866785079927, "pred_label/loss": 0.0, "pred_label/recall-binary": 0.18181818181818182, "pred_label/precision-binary": 0.27927927927927926, "pred_label/ACC": 0.8170833333333334, "_timestamp": 1672330563.0081418, "_runtime": 126.947509765625, "_step": 10, "Time/train_epoch": 0.0847955306371053, "Time/eval_epoch": 0.12048189242680868, "Obj": 0.23138808684513262, "final accuracy": 0.23138808684513262, "status": "completed", "_wandb": {"runtime": 126}}