{"NextTime/RMSE": 1.0319477804261765, "NextTime/rmse_norm": 0.3969839034608184, "NextTime/msae": 0.6165150554120681, "pred_label/AUROC": 0.48114778264083435, "pred_label/AUPRC": 0.1326597251113173, "pred_label/f1-binary": 0.2504816955684008, "pred_label/loss": 0.0, "pred_label/recall-binary": 0.9530791788856305, "pred_label/precision-binary": 0.14418811002661935, "pred_label/ACC": 0.18958333333333333, "_timestamp": 1672328298.208639, "_runtime": 13.500532865524292, "_step": 0}