{"NextTime/RMSE": 0.9715556898569606, "NextTime/rmse_norm": 0.3388973586736723, "NextTime/msae": 0.6053853385833406, "pred_label/AUROC": 0.6341489120790066, "pred_label/AUPRC": 0.22811653060910905, "pred_label/f1-binary": 0.0, "pred_label/loss": 0.0, "pred_label/recall-binary": 0.0, "pred_label/precision-binary": 0.0, "pred_label/ACC": 0.8579166666666667, "_timestamp": 1672335541.4240644, "_runtime": 74.70059442520142, "_step": 10, "Time/train_epoch": 0.05405821800231934, "Time/eval_epoch": 0.07053455511728922, "Obj": 0.0, "status": "completed", "obj_val": 0, "_wandb": {"runtime": 74}}