{"NextTime/RMSE": 0.9391893900446303, "NextTime/rmse_norm": 0.3008877822078439, "NextTime/msae": 0.5620011370226878, "pred_label/AUROC": 0.6342215493385024, "pred_label/AUPRC": 0.2027974321360851, "pred_label/f1-binary": 0.0, "pred_label/loss": 0.0, "pred_label/recall-binary": 0.0, "pred_label/precision-binary": 0.0, "pred_label/ACC": 0.8579166666666667, "_timestamp": 1672330272.1681607, "_runtime": 123.96725368499756, "_step": 10, "Time/train_epoch": 0.08730504910151164, "Time/eval_epoch": 0.11249490578969319, "Obj": 0.2027974321360851, "final accuracy": 0.2027974321360851, "status": "completed", "_wandb": {"runtime": 123}}