{"Valid-NextTime/RMSE": 0.9413499554952978, "_timestamp": 1672675472.6278374, "Valid-NextTime/rmse_norm": 0.2775550478716267, "Valid-NextTime/msae": 0.562105458521396, "Valid-pred_label/AUROC": 0.8061815430523048, "Valid-pred_label/AUPRC": 0.45692534012279207, "Valid-pred_label/f1-binary": 0.4656084656084656, "Valid-pred_label/loss": 0.0, "Valid-pred_label/recall-binary": 0.4943820224719101, "Valid-pred_label/precision-binary": 0.44, "Valid-pred_label/ACC": 0.8367456896551724, "_runtime": 325.282110452652, "_step": 22, "Train-NextTime/RMSE": 0.9220865399874846, "Train-NextTime/rmse_norm": 0.28467104232152524, "Train-NextTime/msae": 0.5642970374146741, "Train-pred_label/AUROC": 0.9002989876854569, "Train-pred_label/AUPRC": 0.8913162567949907, "Train-pred_label/f1-binary": 0.7695402298850574, "Train-pred_label/loss": 0.0, "Train-pred_label/recall-binary": 0.694862480539699, "Train-pred_label/precision-binary": 0.8622021893110109, "Train-pred_label/ACC": 0.7876059322033898, "Test-NextTime/RMSE": 0.9472565223667447, "Test-NextTime/rmse_norm": 0.27464251493087183, "Test-NextTime/msae": 0.5580807286221985, "Test-pred_label/AUROC": 0.8102833399483302, "Test-pred_label/AUPRC": 0.43061428625390813, "Test-pred_label/f1-binary": 0.4613220815752462, "Test-pred_label/loss": 0.0, "Test-pred_label/recall-binary": 0.4837758112094395, "Test-pred_label/precision-binary": 0.44086021505376344, "Test-pred_label/ACC": 0.8382601351351351, "time-Time/train_epoch": 0.09489985704421997, "time-Time/valid_epoch": 0.032596254348754884, "Obj": 0.4613220815752462, "max_obj_val": 0.49275362318840576, "status": "completed", "_wandb": {"runtime": 324}}