{"Valid-NextTime/RMSE": 0.9266782179431804, "_timestamp": 1672686262.6212642, "Valid-NextTime/rmse_norm": 0.2557157634473287, "Valid-NextTime/msae": 0.537507860834591, "Valid-pred_label/AUROC": 0.8071915351506457, "Valid-pred_label/AUPRC": 0.42434123313224636, "Valid-pred_label/f1-binary": 0.4376068376068376, "Valid-pred_label/loss": 0.0, "Valid-pred_label/recall-binary": 0.47058823529411764, "Valid-pred_label/precision-binary": 0.40894568690095845, "Valid-pred_label/ACC": 0.827928870292887, "_runtime": 565.6719882488251, "_step": 18, "Train-NextTime/RMSE": 0.9188310906112664, "Train-NextTime/rmse_norm": 0.25485277589695704, "Train-NextTime/msae": 0.5359508966929634, "Train-pred_label/AUROC": 0.9573169086903744, "Train-pred_label/AUPRC": 0.9440549398814401, "Train-pred_label/f1-binary": 0.8599384959463238, "Train-pred_label/loss": 0.0, "Train-pred_label/recall-binary": 0.8159151193633952, "Train-pred_label/precision-binary": 0.9089834515366431, "Train-pred_label/ACC": 0.869258872651357, "Test-NextTime/RMSE": 0.9314795297855526, "Test-NextTime/rmse_norm": 0.25322426686938554, "Test-NextTime/msae": 0.5346320062569678, "Test-pred_label/AUROC": 0.793090629935951, "Test-pred_label/AUPRC": 0.4101871934271237, "Test-pred_label/f1-binary": 0.4421965317919075, "Test-pred_label/loss": 0.0, "Test-pred_label/recall-binary": 0.44868035190615835, "Test-pred_label/precision-binary": 0.4358974358974359, "Test-pred_label/ACC": 0.8391666666666666, "time-Time/train_epoch": 0.1745586395263672, "time-Time/valid_epoch": 0.04195664326349894, "Obj": 0.4421965317919075, "max_obj_val": 0.5020463847203275, "status": "completed", "_wandb": {"runtime": 565}}