{"Valid-NextTime/RMSE": 0.9217156685313848, "_timestamp": 1672684221.0568724, "Valid-NextTime/rmse_norm": 0.24762569262102213, "Valid-NextTime/msae": 0.5401738538563478, "Valid-pred_label/AUROC": 0.7500694942611191, "Valid-pred_label/AUPRC": 0.37313029751713, "Valid-pred_label/f1-binary": 0.41860465116279066, "Valid-pred_label/loss": 0.0, "Valid-pred_label/recall-binary": 0.5294117647058824, "Valid-pred_label/precision-binary": 0.34615384615384615, "Valid-pred_label/ACC": 0.7907949790794979, "_runtime": 470.2838444709778, "_step": 21, "Train-NextTime/RMSE": 0.8870204914946239, "Train-NextTime/rmse_norm": 0.24499915083823515, "Train-NextTime/msae": 0.5306532082756454, "Train-pred_label/AUROC": 0.9418127689349849, "Train-pred_label/AUPRC": 0.9211015718479529, "Train-pred_label/f1-binary": 0.8789403973509934, "Train-pred_label/loss": 0.0, "Train-pred_label/recall-binary": 0.8805732484076433, "Train-pred_label/precision-binary": 0.8773135906927552, "Train-pred_label/ACC": 0.880741127348643, "Test-NextTime/RMSE": 0.927490269424725, "Test-NextTime/rmse_norm": 0.24480933972527585, "Test-NextTime/msae": 0.5380081120221762, "Test-pred_label/AUROC": 0.7393433306889573, "Test-pred_label/AUPRC": 0.28776537726214113, "Test-pred_label/f1-binary": 0.37389380530973454, "Test-pred_label/loss": 0.0, "Test-pred_label/recall-binary": 0.49560117302052786, "Test-pred_label/precision-binary": 0.30017761989342806, "Test-pred_label/ACC": 0.7641666666666667, "time-Time/train_epoch": 0.14808334509531657, "time-Time/valid_epoch": 0.034558387597401936, "Obj": 0.37389380530973454, "max_obj_val": 0.4158215010141988, "status": "completed", "_wandb": {"runtime": 469}}