{"NextTime/RMSE": 0.924451432363445, "NextTime/rmse_norm": 0.271981502338223, "NextTime/msae": 0.5595641983854466, "pred_label/AUROC": 0.837024777851048, "pred_label/AUPRC": 0.4803143988240747, "pred_label/f1-binary": 0.37328094302554027, "pred_label/loss": 0.0, "pred_label/recall-binary": 0.2785923753665689, "pred_label/precision-binary": 0.5654761904761905, "pred_label/ACC": 0.8670833333333333, "_timestamp": 1672321525.154205, "_runtime": 1044.5956151485443, "_step": 21, "Time/train_epoch": 0.6828625996907552, "Time/eval_epoch": 0.09742616017659506}