{"NextTime/RMSE": 0.9488552559340554, "NextTime/rmse_norm": 0.2801268681408232, "NextTime/msae": 0.5578715916315014, "pred_label/AUROC": 0.809730259400472, "pred_label/AUPRC": 0.4166434794349984, "pred_label/f1-binary": 0.4053601340033501, "pred_label/loss": 0.0, "pred_label/recall-binary": 0.3548387096774194, "pred_label/precision-binary": 0.47265625, "pred_label/ACC": 0.8520833333333333, "_timestamp": 1672332580.9853084, "_runtime": 122.6060643196106, "_step": 7, "Time/train_epoch": 0.22688947518666586, "Time/eval_epoch": 0.06352487405141195, "Obj": 0.4166434794349984, "status": "stopped", "_wandb": {"runtime": 122}}