{"Valid-NextTime/RMSE": 0.930744915088688, "_timestamp": 1672687803.2085037, "Valid-NextTime/rmse_norm": 0.250281183314709, "Valid-NextTime/msae": 0.5419920747077684, "Valid-pred_label/AUROC": 0.7703976865136298, "Valid-pred_label/AUPRC": 0.4048546286263669, "Valid-pred_label/f1-binary": 0.44744744744744747, "Valid-pred_label/loss": 0.0, "Valid-pred_label/recall-binary": 0.5477941176470589, "Valid-pred_label/precision-binary": 0.37817258883248733, "Valid-pred_label/ACC": 0.8075313807531381, "_runtime": 425.12847781181335, "_step": 19, "Train-NextTime/RMSE": 0.8969646989675518, "Train-NextTime/rmse_norm": 0.2476543748142391, "Train-NextTime/msae": 0.5387977837406618, "Train-pred_label/AUROC": 0.9634618527719665, "Train-pred_label/AUPRC": 0.9534620399781542, "Train-pred_label/f1-binary": 0.9117954070981211, "Train-pred_label/loss": 0.0, "Train-pred_label/recall-binary": 0.9137029288702929, "Train-pred_label/precision-binary": 0.9098958333333333, "Train-pred_label/ACC": 0.9117954070981211, "Test-NextTime/RMSE": 0.9298882452992205, "Test-NextTime/rmse_norm": 0.24225064618756587, "Test-NextTime/msae": 0.5369512517620832, "Test-pred_label/AUROC": 0.7523596427386241, "Test-pred_label/AUPRC": 0.3595242917951347, "Test-pred_label/f1-binary": 0.4014778325123153, "Test-pred_label/loss": 0.0, "Test-pred_label/recall-binary": 0.4780058651026393, "Test-pred_label/precision-binary": 0.346072186836518, "Test-pred_label/ACC": 0.7975, "time-Time/train_epoch": 0.1920178214708964, "time-Time/valid_epoch": 0.05348492860794067, "Obj": 0.4014778325123153, "max_obj_val": 0.4937993235625705, "status": "completed", "_wandb": {"runtime": 424}}