{"Valid-NextTime/RMSE": 0.930904119268114, "_timestamp": 1672750969.0996928, "Valid-NextTime/rmse_norm": 0.2464625051995733, "Valid-NextTime/msae": 0.5364925824411187, "Valid-pred_label/AUROC": 0.8507532281205165, "Valid-pred_label/AUPRC": 0.52435082691158, "Valid-pred_label/f1-binary": 0.448210922787194, "Valid-pred_label/loss": 0.0, "Valid-pred_label/recall-binary": 0.875, "Valid-pred_label/precision-binary": 0.3012658227848101, "Valid-pred_label/ACC": 0.6935146443514645, "_runtime": 123.93825078010559, "_step": 2, "Train-NextTime/RMSE": 0.8993220828404964, "Train-NextTime/rmse_norm": 0.25863868827176245, "Train-NextTime/msae": 0.5426392781315769, "Train-pred_label/AUROC": 0.8558441229436724, "Train-pred_label/AUPRC": 0.8517958191597481, "Train-pred_label/f1-binary": 0.7927864214992928, "Train-pred_label/loss": 0.0, "Train-pred_label/recall-binary": 0.8762376237623762, "Train-pred_label/precision-binary": 0.7238484718037022, "Train-pred_label/ACC": 0.7706158663883089, "Test-NextTime/RMSE": 0.9360479201556074, "Test-NextTime/rmse_norm": 0.24201326508340507, "Test-NextTime/msae": 0.5311443191975675, "Test-pred_label/AUROC": 0.8412911486514393, "Test-pred_label/AUPRC": 0.5198972142781645, "Test-pred_label/f1-binary": 0.42585551330798477, "Test-pred_label/loss": 0.0, "Test-pred_label/recall-binary": 0.8211143695014663, "Test-pred_label/precision-binary": 0.2874743326488706, "Test-pred_label/ACC": 0.6854166666666667, "time-Time/train_epoch": 0.5954327424367268, "time-Time/valid_epoch": 0.06485485633214315, "Obj": 0.42585551330798477, "Best-Test-pred_label/f1-binary": 0.4546240276577356, "Best-Test-pred_label/AUPRC": 0.5198972142781645, "Best-Test-pred_label/AUROC": 0.8412911486514393, "Best-Valid-pred_label/f1-binary": 0.454356846473029, "Best-Valid-pred_label/AUPRC": 0.52435082691158, "Best-Valid-pred_label/AUROC": 0.8507532281205165}