{"NextTime/RMSE": 0.9612416494909198, "NextTime/rmse_norm": 0.2968166874655476, "NextTime/msae": 0.5723053948861436, "pred_label/AUROC": 0.6690674942566714, "pred_label/AUPRC": 0.24735059088653827, "pred_label/f1-binary": 0.12000000000000001, "pred_label/loss": 0.0, "pred_label/recall-binary": 0.07038123167155426, "pred_label/precision-binary": 0.4067796610169492, "pred_label/ACC": 0.8533333333333334, "_timestamp": 1672335012.0164895, "_runtime": 82.60149645805359, "_step": 12, "Time/train_epoch": 0.04039482275644938, "Time/eval_epoch": 0.06358517011006673, "Obj": 0.12000000000000001, "obj_val": 0.12000000000000001, "status": "completed", "_wandb": {"runtime": 82}}