{"Valid-CIF/NLL-#events": -0.8433221613070648, "_timestamp": 1672753652.6676135, "Valid-CIF/NLL": -80431.0078125, "Valid-CIF/#events": 95374.0, "Valid-NextTime/RMSE": 0.8782330708407109, "Valid-NextTime/rmse_norm": 0.2915108198787725, "Valid-NextTime/msae": 0.5424207658219938, "Valid-NextType(ML)/auc-ovo-weighted": 0.7566415173235527, "Valid-NextType(ML)/auc-PR-weighted": 0.45073816871718597, "Valid-NextType(ML)/f1-weighted": 0.4250758610219369, "Valid-NextType(ML)/precision-weighted": 0.3780925690854151, "Valid-NextType(ML)/recall-weighted": 0.7339261534311106, "Valid-pred_label/AUROC": 0.7591328909612627, "Valid-pred_label/AUPRC": 0.3141636620168854, "Valid-pred_label/f1-binary": 0.37921077959576516, "Valid-pred_label/loss": 0.0, "Valid-pred_label/recall-binary": 0.7242647058823529, "Valid-pred_label/precision-binary": 0.25684485006518903, "Valid-pred_label/ACC": 0.6626569037656904, "_runtime": 226.11882853507996, "_step": 1, "Train-CIF/NLL-#events": -0.870936212614845, "Train-CIF/NLL": -341640.40625, "Train-CIF/#events": 392268.0, "Train-NextTime/RMSE": 0.8538692508302459, "Train-NextTime/rmse_norm": 0.2827415904685413, "Train-NextTime/msae": 0.5361047697080389, "Train-NextType(ML)/auc-ovo-weighted": 0.7550804314545321, "Train-NextType(ML)/auc-PR-weighted": 0.4351368967209384, "Train-NextType(ML)/f1-weighted": 0.40834564758038067, "Train-NextType(ML)/precision-weighted": 0.362055003260122, "Train-NextType(ML)/recall-weighted": 0.7394508819332408, "Train-pred_label/AUROC": 0.7632664416512751, "Train-pred_label/AUPRC": 0.7247362175751957, "Train-pred_label/f1-binary": 0.7052154195011339, "Train-pred_label/loss": 0.0, "Train-pred_label/recall-binary": 0.7358044164037855, "Train-pred_label/precision-binary": 0.6770682148040639, "Train-pred_label/ACC": 0.6946764091858038, "Test-CIF/NLL-#events": -0.855733250685908, "Test-CIF/NLL": -103238.2265625, "Test-CIF/#events": 120643.0, "Test-NextTime/RMSE": 0.8796971858661459, "Test-NextTime/rmse_norm": 0.28737020602475905, "Test-NextTime/msae": 0.5367344338592139, "Test-NextType(ML)/auc-ovo-weighted": 0.7570656279985585, "Test-NextType(ML)/auc-PR-weighted": 0.4510549234578507, "Test-NextType(ML)/f1-weighted": 0.42698434672035396, "Test-NextType(ML)/precision-weighted": 0.38097117556091453, "Test-NextType(ML)/recall-weighted": 0.7323131093138491, "Test-pred_label/AUROC": 0.760277104023677, "Test-pred_label/AUPRC": 0.30697450986912717, "Test-pred_label/f1-binary": 0.38205723124516633, "Test-pred_label/loss": 0.0, "Test-pred_label/recall-binary": 0.7243401759530792, "Test-pred_label/precision-binary": 0.25945378151260506, "Test-pred_label/ACC": 0.6670833333333334, "time-Time/train_epoch": 1.8496547182401022, "time-Time/valid_epoch": 0.21822855869928995, "Obj": 0.38205723124516633, "Best-Test-pred_label/f1-binary": 0.38205723124516633, "Best-Test-pred_label/AUPRC": 0.30697450986912717, "Best-Test-pred_label/AUROC": 0.760277104023677, "Best-Valid-pred_label/f1-binary": 0.37921077959576516, "Best-Valid-pred_label/AUPRC": 0.3141636620168854, "Best-Valid-pred_label/AUROC": 0.7591328909612627}