{"NextTime/RMSE": 2.4660088532190167, "NextTime/rmse_norm": 0.7500354706447047, "NextTime/msae": 1.527641877074841, "pred_label/AUROC": 0.9091155994008766, "pred_label/AUPRC": 0.6604038856978522, "pred_label/f1-binary": 0.6643678160919539, "pred_label/loss": 0.0, "pred_label/recall-binary": 0.5873983739837398, "pred_label/precision-binary": 0.7645502645502645, "pred_label/ACC": 0.949375866851595, "_timestamp": 1671617851.089889, "_runtime": 158.67383909225464, "_step": 4, "NLL/#events": -1.0, "acc": 1.0, "RMSE": 1.0}