{"Valid-NextTime/RMSE": 0.9316843937585961, "_timestamp": 1672688978.9899156, "Valid-NextTime/rmse_norm": 0.22533357023634537, "Valid-NextTime/msae": 0.5110213266745015, "Valid-pred_label/AUROC": 0.8438475161406026, "Valid-pred_label/AUPRC": 0.5017672595118737, "Valid-pred_label/f1-binary": 0.47794117647058826, "Valid-pred_label/loss": 0.0, "Valid-pred_label/recall-binary": 0.47794117647058826, "Valid-pred_label/precision-binary": 0.47794117647058826, "Valid-pred_label/ACC": 0.8514644351464435, "_runtime": 602.2538466453552, "_step": 24, "Train-NextTime/RMSE": 0.9039195495949421, "Train-NextTime/rmse_norm": 0.22711607671802944, "Train-NextTime/msae": 0.5158515872677997, "Train-pred_label/AUROC": 0.9007638828910884, "Train-pred_label/AUPRC": 0.8894414048541898, "Train-pred_label/f1-binary": 0.7087316762268961, "Train-pred_label/loss": 0.0, "Train-pred_label/recall-binary": 0.5886712546320805, "Train-pred_label/precision-binary": 0.8903122497998399, "Train-pred_label/ACC": 0.761482254697286, "Test-NextTime/RMSE": 0.9382180282239245, "Test-NextTime/rmse_norm": 0.2222489822720277, "Test-NextTime/msae": 0.5078204479315392, "Test-pred_label/AUROC": 0.8444430360095654, "Test-pred_label/AUPRC": 0.49158521425379575, "Test-pred_label/f1-binary": 0.49240121580547114, "Test-pred_label/loss": 0.0, "Test-pred_label/recall-binary": 0.4750733137829912, "Test-pred_label/precision-binary": 0.5110410094637224, "Test-pred_label/ACC": 0.8608333333333333, "time-Time/train_epoch": 0.2388096570968628, "time-Time/valid_epoch": 0.060132527351379396, "Obj": 0.49240121580547114, "max_obj_val": 0.5352941176470589, "status": "completed", "_wandb": {"runtime": 601}}