{"Valid-NextTime/RMSE": 0.9249070192647274, "_timestamp": 1672688324.6865113, "Valid-NextTime/rmse_norm": 0.2525714990840003, "Valid-NextTime/msae": 0.5385142080031946, "Valid-pred_label/AUROC": 0.8204963235294118, "Valid-pred_label/AUPRC": 0.452959685304875, "Valid-pred_label/f1-binary": 0.4714086471408647, "Valid-pred_label/loss": 0.0, "Valid-pred_label/recall-binary": 0.6213235294117647, "Valid-pred_label/precision-binary": 0.3797752808988764, "Valid-pred_label/ACC": 0.8017782426778243, "_runtime": 414.14512729644775, "_step": 18, "Train-NextTime/RMSE": 0.9212254719775186, "Train-NextTime/rmse_norm": 0.25425160282710646, "Train-NextTime/msae": 0.5398114024988208, "Train-pred_label/AUROC": 0.9437504563321466, "Train-pred_label/AUPRC": 0.9309896232914953, "Train-pred_label/f1-binary": 0.8616035988356707, "Train-pred_label/loss": 0.0, "Train-pred_label/recall-binary": 0.8595564941921858, "Train-pred_label/precision-binary": 0.8636604774535809, "Train-pred_label/ACC": 0.863517745302714, "Test-NextTime/RMSE": 0.9298078896720491, "Test-NextTime/rmse_norm": 0.24800374097851602, "Test-NextTime/msae": 0.5352228541469184, "Test-pred_label/AUROC": 0.8048592902342766, "Test-pred_label/AUPRC": 0.44445693257593083, "Test-pred_label/f1-binary": 0.447585394581861, "Test-pred_label/loss": 0.0, "Test-pred_label/recall-binary": 0.5571847507331378, "Test-pred_label/precision-binary": 0.37401574803149606, "Test-pred_label/ACC": 0.8045833333333333, "time-Time/train_epoch": 0.27059957981109617, "time-Time/valid_epoch": 0.06480624278386433, "Obj": 0.447585394581861, "max_obj_val": 0.4961915125136018, "status": "completed", "_wandb": {"runtime": 413}}