{"NextTime/RMSE": 0.9493106976721333, "NextTime/rmse_norm": 0.2837060468908532, "NextTime/msae": 0.5684651151210176, "pred_label/AUROC": 0.6033072741230476, "pred_label/AUPRC": 0.1983786974491188, "pred_label/f1-binary": 0.0, "pred_label/loss": 0.0, "pred_label/recall-binary": 0.0, "pred_label/precision-binary": 0.0, "pred_label/ACC": 0.8579166666666667, "_timestamp": 1672326919.9588256, "_runtime": 210.18057560920715, "_step": 2, "Time/train_epoch": 1.4402584354082744, "Time/eval_epoch": 0.19009233713150026, "Obj": 0, "final accuracy": 0, "state": "complated", "_wandb": {"runtime": 209}}