{"NextTime/RMSE": 0.9348649607568107, "NextTime/rmse_norm": 0.26870640407315943, "NextTime/msae": 0.5495764198454048, "pred_label/AUROC": 0.6767613467232763, "pred_label/AUPRC": 0.2977377377011211, "pred_label/f1-binary": 0.19759036144578315, "pred_label/loss": 0.0, "pred_label/recall-binary": 0.12023460410557185, "pred_label/precision-binary": 0.5540540540540541, "pred_label/ACC": 0.86125, "_timestamp": 1672330420.633302, "_runtime": 129.65986800193787, "_step": 10, "Time/train_epoch": 0.08590153853098552, "Time/eval_epoch": 0.12411853472391764, "Obj": 0.2977377377011211, "final accuracy": 0.2977377377011211, "status": "completed", "_wandb": {"runtime": 129}}