{"Valid-NextTime/RMSE": 0.9781794684255741, "_timestamp": 1672677308.7609403, "Valid-NextTime/rmse_norm": 0.3790418588514026, "Valid-NextTime/msae": 0.6376385432204855, "Valid-pred_label/AUROC": 0.8216931478823276, "Valid-pred_label/AUPRC": 0.4835435465434363, "Valid-pred_label/f1-binary": 0.4877250409165303, "Valid-pred_label/loss": 0.0, "Valid-pred_label/recall-binary": 0.5580524344569289, "Valid-pred_label/precision-binary": 0.4331395348837209, "Valid-pred_label/ACC": 0.8313577586206896, "_runtime": 469.1404812335968, "_step": 32, "Train-NextTime/RMSE": 0.9588294378938476, "Train-NextTime/rmse_norm": 0.38560943172679796, "Train-NextTime/msae": 0.6347665841356647, "Train-pred_label/AUROC": 0.8679149621499078, "Train-pred_label/AUPRC": 0.8583551392789084, "Train-pred_label/f1-binary": 0.7309212526603832, "Train-pred_label/loss": 0.0, "Train-pred_label/recall-binary": 0.6441586280814576, "Train-pred_label/precision-binary": 0.8446943078004217, "Train-pred_label/ACC": 0.765625, "Test-NextTime/RMSE": 0.9833621678543378, "Test-NextTime/rmse_norm": 0.3763598601015072, "Test-NextTime/msae": 0.6335568779447247, "Test-pred_label/AUROC": 0.8219053808275579, "Test-pred_label/AUPRC": 0.44803952471313657, "Test-pred_label/f1-binary": 0.472258064516129, "Test-pred_label/loss": 0.0, "Test-pred_label/recall-binary": 0.5398230088495575, "Test-pred_label/precision-binary": 0.4197247706422018, "Test-pred_label/ACC": 0.8272804054054054, "time-Time/train_epoch": 0.0832013726234436, "time-Time/valid_epoch": 0.028122222423553465, "Obj": 0.472258064516129, "max_obj_val": 0.488771466314399, "status": "completed", "_wandb": {"runtime": 468}}