{"NextTime/RMSE": 0.9325290594865747, "NextTime/rmse_norm": 0.25722748135019896, "NextTime/msae": 0.5371327857310023, "pred_label/AUROC": 0.8346662033074166, "pred_label/AUPRC": 0.48628709399489006, "pred_label/f1-binary": 0.3771186440677966, "pred_label/loss": 0.0, "pred_label/recall-binary": 0.26099706744868034, "pred_label/precision-binary": 0.6793893129770993, "pred_label/ACC": 0.8775, "_timestamp": 1672323252.7656126, "_runtime": 702.2354905605316, "_step": 5, "Time/train_epoch": 1.9304188768068948, "Time/eval_epoch": 0.27960819800694786, "final accuracy": 0, "state": "complated", "_wandb": {"runtime": 701}}