{"Valid-NextTime/RMSE": 0.9209425836879078, "_timestamp": 1672687859.0868816, "Valid-NextTime/rmse_norm": 0.2545166437676664, "Valid-NextTime/msae": 0.5400952997467023, "Valid-pred_label/AUROC": 0.8125470767575321, "Valid-pred_label/AUPRC": 0.43962120066003496, "Valid-pred_label/f1-binary": 0.47723704866562006, "Valid-pred_label/loss": 0.0, "Valid-pred_label/recall-binary": 0.5588235294117647, "Valid-pred_label/precision-binary": 0.41643835616438357, "Valid-pred_label/ACC": 0.825836820083682, "_runtime": 481.01085567474365, "_step": 22, "Train-NextTime/RMSE": 0.8804995692446955, "Train-NextTime/rmse_norm": 0.24879193719966286, "Train-NextTime/msae": 0.5257677125570113, "Train-pred_label/AUROC": 0.9654159856162144, "Train-pred_label/AUPRC": 0.9560580761112633, "Train-pred_label/f1-binary": 0.9082855653986451, "Train-pred_label/loss": 0.0, "Train-pred_label/recall-binary": 0.9021739130434783, "Train-pred_label/precision-binary": 0.9144805876180483, "Train-pred_label/ACC": 0.9081419624217119, "Test-NextTime/RMSE": 0.9265941786635652, "Test-NextTime/rmse_norm": 0.2516623460439932, "Test-NextTime/msae": 0.5391916404807534, "Test-pred_label/AUROC": 0.8043956936074939, "Test-pred_label/AUPRC": 0.43154490767453213, "Test-pred_label/f1-binary": 0.4444444444444444, "Test-pred_label/loss": 0.0, "Test-pred_label/recall-binary": 0.4809384164222874, "Test-pred_label/precision-binary": 0.41309823677581864, "Test-pred_label/ACC": 0.8291666666666667, "time-Time/train_epoch": 0.13995572725931804, "time-Time/valid_epoch": 0.03387345870335897, "Obj": 0.4444444444444444, "max_obj_val": 0.496513249651325, "status": "completed", "_wandb": {"runtime": 480}}