{"Valid-NextTime/RMSE": 2.4073466445924665, "_timestamp": 1672826987.5408602, "Valid-NextTime/rmse_norm": 0.9582245523857514, "Valid-NextTime/msae": 1.6641931287930463, "Valid-pred_label/AUROC": 0.9290971361449443, "Valid-pred_label/AUPRC": 0.6817594524774832, "Valid-pred_label/f1-binary": 0.6202749140893471, "Valid-pred_label/loss": 0.0, "Valid-pred_label/recall-binary": 0.5986733001658375, "Valid-pred_label/precision-binary": 0.64349376114082, "Valid-pred_label/ACC": 0.9439655172413793, "_runtime": 2166.0019342899323, "_step": 30, "Train-NextTime/RMSE": 2.3817633621293197, "Train-NextTime/rmse_norm": 0.9695748353240946, "Train-NextTime/msae": 1.5116241373881643, "Train-pred_label/AUROC": 0.9488781320331519, "Train-pred_label/AUPRC": 0.9396013031283791, "Train-pred_label/f1-binary": 0.8308586854947565, "Train-pred_label/loss": 0.0, "Train-pred_label/recall-binary": 0.7474313469082757, "Train-pred_label/precision-binary": 0.9352501168770454, "Train-pred_label/ACC": 0.8565010570824524, "Test-NextTime/RMSE": 2.4073466445924665, "Test-NextTime/rmse_norm": 0.9582245523857514, "Test-NextTime/msae": 1.6641931287930463, "Test-pred_label/AUROC": 0.9290971361449443, "Test-pred_label/AUPRC": 0.6817594524774832, "Test-pred_label/f1-binary": 0.6202749140893471, "Test-pred_label/loss": 0.0, "Test-pred_label/recall-binary": 0.5986733001658375, "Test-pred_label/precision-binary": 0.64349376114082, "Test-pred_label/ACC": 0.9439655172413793, "time-Time/train_epoch": 0.4884824673334757, "time-Time/valid_epoch": 0.17496330738067628, "Obj": 0.6202749140893471, "Best-Test-pred_label/f1-binary": 0.6260472201066261, "Best-Test-pred_label/AUPRC": 0.6894112506876373, "Best-Test-pred_label/AUROC": 0.9298153478774055, "Best-Valid-pred_label/f1-binary": 0.6260472201066261, "Best-Valid-pred_label/AUPRC": 0.6894112506876373, "Best-Valid-pred_label/AUROC": 0.9298153478774055, "max_obj_val": 0.6260472201066261, "status": "completed", "_wandb": {"runtime": 2165}}