{"NextTime/RMSE": 0.974171060425296, "NextTime/rmse_norm": 0.3518378619931195, "NextTime/msae": 0.6174341543923352, "pred_label/AUROC": 0.4635895054826888, "pred_label/AUPRC": 0.13820681315784483, "pred_label/f1-binary": 0.0, "pred_label/loss": 0.0, "pred_label/recall-binary": 0.0, "pred_label/precision-binary": 0.0, "pred_label/ACC": 0.8579166666666667, "_timestamp": 1672334556.6259, "_runtime": 250.61296796798706, "_step": 10, "Time/train_epoch": 0.2928478240966797, "Time/eval_epoch": 0.08007721503575643, "Obj": 0.0, "status": "stopped", "_wandb": {"runtime": 249}}