{"NextTime/RMSE": 0.9717419888252395, "NextTime/rmse_norm": 0.3634789506944447, "NextTime/msae": 0.6140380977253297, "pred_label/AUROC": 0.5489026788906154, "pred_label/AUPRC": 0.17259930802512807, "pred_label/f1-binary": 0.0, "pred_label/loss": 0.0, "pred_label/recall-binary": 0.0, "pred_label/precision-binary": 0.0, "pred_label/ACC": 0.8579166666666667, "_timestamp": 1672331033.8521338, "_runtime": 21.125366687774658, "_step": 1, "status": "pruned", "Time/train_epoch": 0.09083562692006429, "Time/eval_epoch": 0.11857263644536337, "Obj": 0.17259930802512807, "_wandb": {"runtime": 20}}