{"NextTime/RMSE": 0.9448746505239517, "NextTime/rmse_norm": 0.2890323684305163, "NextTime/msae": 0.5596337110402211, "pred_label/AUROC": 0.6013738411864655, "pred_label/AUPRC": 0.2078818477612665, "pred_label/f1-binary": 0.011560693641618497, "pred_label/loss": 0.0, "pred_label/recall-binary": 0.005865102639296188, "pred_label/precision-binary": 0.4, "pred_label/ACC": 0.8575, "_timestamp": 1672331477.61273, "_runtime": 101.87131690979004, "_step": 8, "Time/train_epoch": 0.0783482273419698, "Time/eval_epoch": 0.10400352080663046, "Obj": 0.2078818477612665, "status": "stopped", "_wandb": {"runtime": 101}}