{"Valid-NextTime/RMSE": 0.9385692612043707, "_timestamp": 1672750784.4438047, "Valid-NextTime/rmse_norm": 0.23729704711441377, "Valid-NextTime/msae": 0.5273975680533225, "Valid-pred_label/AUROC": 0.7216463414634148, "Valid-pred_label/AUPRC": 0.31118719871829115, "Valid-pred_label/f1-binary": 0.3772727272727273, "Valid-pred_label/loss": 0.0, "Valid-pred_label/recall-binary": 0.6102941176470589, "Valid-pred_label/precision-binary": 0.2730263157894737, "Valid-pred_label/ACC": 0.7133891213389121, "_runtime": 78.49160385131836, "_step": 4, "Train-NextTime/RMSE": 0.9288589864340364, "Train-NextTime/rmse_norm": 0.23531226956798929, "Train-NextTime/msae": 0.5319048477833831, "Train-pred_label/AUROC": 0.7954145987085268, "Train-pred_label/AUPRC": 0.7467532767234901, "Train-pred_label/f1-binary": 0.6612903225806451, "Train-pred_label/loss": 0.0, "Train-pred_label/recall-binary": 0.6343178621659634, "Train-pred_label/precision-binary": 0.6906584992343032, "Train-pred_label/ACC": 0.6976439790575916, "Test-NextTime/RMSE": 0.9442384432382389, "Test-NextTime/rmse_norm": 0.23545422754024167, "Test-NextTime/msae": 0.5253568364256073, "Test-pred_label/AUROC": 0.6865688010152124, "Test-pred_label/AUPRC": 0.2824189903885914, "Test-pred_label/f1-binary": 0.3345656192236599, "Test-pred_label/loss": 0.0, "Test-pred_label/recall-binary": 0.530791788856305, "Test-pred_label/precision-binary": 0.24426450742240216, "Test-pred_label/ACC": 0.7, "time-Time/train_epoch": 0.10359869798024496, "time-Time/valid_epoch": 0.07617572943369548, "Obj": 0.3345656192236599, "Best-Test-pred_label/f1-binary": 0.3345656192236599, "Best-Test-pred_label/AUPRC": 0.2824189903885914, "Best-Test-pred_label/AUROC": 0.6865688010152124, "Best-Valid-pred_label/f1-binary": 0.3772727272727273, "Best-Valid-pred_label/AUPRC": 0.31118719871829115, "Best-Valid-pred_label/AUROC": 0.7216463414634148}