{"NextTime/RMSE": 3.6233355704187384, "NextTime/rmse_norm": 0.957135288404525, "NextTime/msae": 2.699640183356991, "pred_label/AUROC": 0.3807402865468674, "pred_label/AUPRC": 0.05594403479403453, "pred_label/f1-binary": 0.0, "pred_label/loss": 0.0, "pred_label/recall-binary": 0.0, "pred_label/precision-binary": 0.0, "pred_label/ACC": 0.9244791666666666, "_timestamp": 1672402966.2825274, "_runtime": 11.140592336654663, "_step": 0, "_wandb": {"runtime": 12}}