{"NextTime/RMSE": 3.0339130358451545, "NextTime/rmse_norm": 0.5749056582521016, "NextTime/msae": 1.9368107661229887, "pred_label/AUROC": 0.6927518663830242, "pred_label/AUPRC": 0.15015527887174204, "pred_label/f1-binary": 0.12705882352941175, "pred_label/loss": 0.0, "pred_label/recall-binary": 0.08955223880597014, "pred_label/precision-binary": 0.21862348178137653, "pred_label/ACC": 0.9059330628803245, "_timestamp": 1672406099.0966756, "_runtime": 15.818484544754028, "_step": 0}