{"Valid-NextTime/RMSE": 0.9374852070034708, "_timestamp": 1672686233.4327838, "Valid-NextTime/rmse_norm": 0.2532498992208911, "Valid-NextTime/msae": 0.5485784162784985, "Valid-pred_label/AUROC": 0.807272238163558, "Valid-pred_label/AUPRC": 0.43602981499894283, "Valid-pred_label/f1-binary": 0.4738461538461538, "Valid-pred_label/loss": 0.0, "Valid-pred_label/recall-binary": 0.5661764705882353, "Valid-pred_label/precision-binary": 0.4074074074074074, "Valid-pred_label/ACC": 0.8211297071129707, "_runtime": 570.8687987327576, "_step": 18, "Train-NextTime/RMSE": 0.9352121781169176, "Train-NextTime/rmse_norm": 0.23986423621567143, "Train-NextTime/msae": 0.5342554287210766, "Train-pred_label/AUROC": 0.9217845150880865, "Train-pred_label/AUPRC": 0.9122272192717826, "Train-pred_label/f1-binary": 0.8080087767416346, "Train-pred_label/loss": 0.0, "Train-pred_label/recall-binary": 0.7515306122448979, "Train-pred_label/precision-binary": 0.8736654804270463, "Train-pred_label/ACC": 0.8173277661795407, "Test-NextTime/RMSE": 0.9432119130773086, "Test-NextTime/rmse_norm": 0.25493858802110025, "Test-NextTime/msae": 0.5478898296908123, "Test-pred_label/AUROC": 0.8166094351527305, "Test-pred_label/AUPRC": 0.4365607938565671, "Test-pred_label/f1-binary": 0.4615384615384615, "Test-pred_label/loss": 0.0, "Test-pred_label/recall-binary": 0.5190615835777126, "Test-pred_label/precision-binary": 0.4154929577464789, "Test-pred_label/ACC": 0.8279166666666666, "time-Time/train_epoch": 0.20923306147257487, "time-Time/valid_epoch": 0.0518336296081543, "Obj": 0.4615384615384615, "max_obj_val": 0.5224963715529753, "status": "completed", "_wandb": {"runtime": 570}}