{"NextTime/RMSE": 0.9333216094876101, "NextTime/rmse_norm": 0.30163702118098895, "NextTime/msae": 0.5574162907559811, "pred_label/AUROC": 0.7570169729063023, "pred_label/AUPRC": 0.33206851902225526, "pred_label/f1-binary": 0.0, "pred_label/loss": 0.0, "pred_label/recall-binary": 0.0, "pred_label/precision-binary": 0.0, "pred_label/ACC": 0.8579166666666667, "_timestamp": 1672324929.6956463, "_runtime": 133.25850224494934, "_step": 2, "Time/train_epoch": 0.8697319785753886, "Time/eval_epoch": 0.12172476053237916, "Obj": 0, "final accuracy": 0, "state": "complated", "_wandb": {"runtime": 132}}