{"NextTime/RMSE": 0.9747509165930437, "NextTime/rmse_norm": 0.3600968660625421, "NextTime/msae": 0.622982590728325, "pred_label/AUROC": 0.6638696574227445, "pred_label/AUPRC": 0.24175002108072807, "pred_label/f1-binary": 0.0, "pred_label/loss": 0.0, "pred_label/recall-binary": 0.0, "pred_label/precision-binary": 0.0, "pred_label/ACC": 0.8579166666666667, "_timestamp": 1672330757.7441478, "_runtime": 88.78276181221008, "_step": 4, "Time/train_epoch": 0.1258483330408732, "Time/eval_epoch": 0.1781510631243388, "Obj": 0.24175002108072807, "status": "pruned", "_wandb": {"runtime": 88}}