{"Valid-NextTime/RMSE": 2.4157641130157326, "_timestamp": 1672775486.6999564, "Valid-NextTime/rmse_norm": 0.9517118155008266, "Valid-NextTime/msae": 1.6646631335192013, "Valid-pred_label/AUROC": 0.893859460419249, "Valid-pred_label/AUPRC": 0.6172894843297709, "Valid-pred_label/f1-binary": 0.5900667160859896, "Valid-pred_label/loss": 0.0, "Valid-pred_label/recall-binary": 0.6600331674958541, "Valid-pred_label/precision-binary": 0.5335120643431636, "Valid-pred_label/ACC": 0.929893509127789, "_runtime": 1932.8023374080658, "_step": 30, "Train-NextTime/RMSE": 2.3680491651199445, "Train-NextTime/rmse_norm": 0.9607951980854635, "Train-NextTime/msae": 1.5021605148524428, "Train-pred_label/AUROC": 0.9930505047109048, "Train-pred_label/AUPRC": 0.9920384292561678, "Train-pred_label/f1-binary": 0.9552157291097761, "Train-pred_label/loss": 0.0, "Train-pred_label/recall-binary": 0.9770949720670391, "Train-pred_label/precision-binary": 0.9342948717948718, "Train-pred_label/ACC": 0.9566596194503171, "Test-NextTime/RMSE": 2.4157641130157326, "Test-NextTime/rmse_norm": 0.9517118155008266, "Test-NextTime/msae": 1.6646631335192013, "Test-pred_label/AUROC": 0.893859460419249, "Test-pred_label/AUPRC": 0.6172894843297709, "Test-pred_label/f1-binary": 0.5900667160859896, "Test-pred_label/loss": 0.0, "Test-pred_label/recall-binary": 0.6600331674958541, "Test-pred_label/precision-binary": 0.5335120643431636, "Test-pred_label/ACC": 0.929893509127789, "time-Time/train_epoch": 0.44017414649327596, "time-Time/valid_epoch": 0.13698077996571859, "Obj": 0.5900667160859896, "Best-Test-pred_label/f1-binary": 0.6326693227091634, "Best-Test-pred_label/AUPRC": 0.6835652515699543, "Best-Test-pred_label/AUROC": 0.9309628931526309, "Best-Valid-pred_label/f1-binary": 0.6326693227091634, "Best-Valid-pred_label/AUPRC": 0.6835652515699543, "Best-Valid-pred_label/AUROC": 0.9309628931526309, "max_obj_val": 0.6326693227091634, "status": "completed", "_wandb": {"runtime": 1929}}