{"Valid-NextTime/RMSE": 0.9613491791443752, "_timestamp": 1672745093.2191627, "Valid-NextTime/rmse_norm": 0.337093102063699, "Valid-NextTime/msae": 0.6010997979482522, "Valid-pred_label/AUROC": 0.6748374730989958, "Valid-pred_label/AUPRC": 0.24019286341752055, "Valid-pred_label/f1-binary": 0.0, "Valid-pred_label/loss": 0.0, "Valid-pred_label/recall-binary": 0.0, "Valid-pred_label/precision-binary": 0.0, "Valid-pred_label/ACC": 0.8577405857740585, "_runtime": 37.87475371360779, "_step": 12, "Train-NextTime/RMSE": 0.965295060501865, "Train-NextTime/rmse_norm": 0.323154653017987, "Train-NextTime/msae": 0.5876005867963253, "Train-pred_label/AUROC": 0.7350802353501718, "Train-pred_label/AUPRC": 0.6997386012337917, "Train-pred_label/f1-binary": 0.0, "Train-pred_label/loss": 0.0, "Train-pred_label/recall-binary": 0.0, "Train-pred_label/precision-binary": 0.0, "Train-pred_label/ACC": 0.5098167539267016, "Test-NextTime/RMSE": 0.9651841679725073, "Test-NextTime/rmse_norm": 0.3346588036810332, "Test-NextTime/msae": 0.5968863084242481, "Test-pred_label/AUROC": 0.6438224859318719, "Test-pred_label/AUPRC": 0.22394119941760043, "Test-pred_label/f1-binary": 0.0, "Test-pred_label/loss": 0.0, "Test-pred_label/recall-binary": 0.0, "Test-pred_label/precision-binary": 0.0, "Test-pred_label/ACC": 0.8579166666666667, "time-Time/train_epoch": 0.08405553102493286, "time-Time/valid_epoch": 0.06122608184814453, "Obj": 0.0, "Best-Test-pred_label/f1-binary": 0.3837398373983739, "Best-Test-pred_label/AUPRC": 0.3374716765539117, "Best-Test-pred_label/AUROC": 0.7621480451936873}