{"Valid-CIF/NLL-#events": -0.8258471255268731, "_timestamp": 1672753654.8759549, "Valid-CIF/NLL": -78764.34375, "Valid-CIF/#events": 95374.0, "Valid-NextTime/RMSE": 0.8634619861389103, "Valid-NextTime/rmse_norm": 0.2911948545684824, "Valid-NextTime/msae": 0.5331145171827961, "Valid-NextType(ML)/auc-ovo-weighted": 0.7434812373323523, "Valid-NextType(ML)/auc-PR-weighted": 0.43162262921072525, "Valid-NextType(ML)/f1-weighted": 0.35028403157300314, "Valid-NextType(ML)/precision-weighted": 0.37724360393788836, "Valid-NextType(ML)/recall-weighted": 0.6978070152684033, "Valid-pred_label/AUROC": 0.7550260043041607, "Valid-pred_label/AUPRC": 0.30753244026712795, "Valid-pred_label/f1-binary": 0.3486682808716707, "Valid-pred_label/loss": 0.0, "Valid-pred_label/recall-binary": 0.7941176470588235, "Valid-pred_label/precision-binary": 0.2233712512926577, "Valid-pred_label/ACC": 0.577928870292887, "_runtime": 224.35966181755066, "_step": 1, "Train-CIF/NLL-#events": -0.8435415674892632, "Train-CIF/NLL": -329583.5, "Train-CIF/#events": 390714.0, "Train-NextTime/RMSE": 0.8375191621000095, "Train-NextTime/rmse_norm": 0.29312311111408185, "Train-NextTime/msae": 0.5338990253523137, "Train-NextType(ML)/auc-ovo-weighted": 0.7385415856704971, "Train-NextType(ML)/auc-PR-weighted": 0.4097869059348469, "Train-NextType(ML)/f1-weighted": 0.33326356782449995, "Train-NextType(ML)/precision-weighted": 0.36138525076078426, "Train-NextType(ML)/recall-weighted": 0.6996383392380406, "Train-pred_label/AUROC": 0.754726943018415, "Train-pred_label/AUPRC": 0.7141086874424227, "Train-pred_label/f1-binary": 0.7267696564445468, "Train-pred_label/loss": 0.0, "Train-pred_label/recall-binary": 0.8318817629981525, "Train-pred_label/precision-binary": 0.6452405322415558, "Train-pred_label/ACC": 0.6907620041753654, "Test-CIF/NLL-#events": -0.8446225381911922, "Test-CIF/NLL": -101897.796875, "Test-CIF/#events": 120643.0, "Test-NextTime/RMSE": 0.8638870138051077, "Test-NextTime/rmse_norm": 0.28637769210821495, "Test-NextTime/msae": 0.5268325673493655, "Test-NextType(ML)/auc-ovo-weighted": 0.7445151476807853, "Test-NextType(ML)/auc-PR-weighted": 0.4305070637846592, "Test-NextType(ML)/f1-weighted": 0.3546347542954503, "Test-NextType(ML)/precision-weighted": 0.38027329832975776, "Test-NextType(ML)/recall-weighted": 0.6998590751860745, "Test-pred_label/AUROC": 0.7625302833280397, "Test-pred_label/AUPRC": 0.3117716443502645, "Test-pred_label/f1-binary": 0.3754130865829478, "Test-pred_label/loss": 0.0, "Test-pred_label/recall-binary": 0.8328445747800587, "Test-pred_label/precision-binary": 0.24232081911262798, "Test-pred_label/ACC": 0.60625, "time-Time/train_epoch": 1.846144966284434, "time-Time/valid_epoch": 0.2123043696085612, "Obj": 0.3754130865829478, "Best-Test-pred_label/f1-binary": 0.3754130865829478, "Best-Test-pred_label/AUPRC": 0.3117716443502645, "Best-Test-pred_label/AUROC": 0.7625302833280397, "Best-Valid-pred_label/f1-binary": 0.3486682808716707, "Best-Valid-pred_label/AUPRC": 0.30753244026712795, "Best-Valid-pred_label/AUROC": 0.7550260043041607}