{"NextTime/RMSE": 0.9209687726998915, "NextTime/rmse_norm": 0.2588972054500694, "NextTime/msae": 0.5304004179747887, "pred_label/AUROC": 0.7927302921584517, "pred_label/AUPRC": 0.36163607738273673, "pred_label/f1-binary": 0.0, "pred_label/loss": 0.0, "pred_label/recall-binary": 0.0, "pred_label/precision-binary": 0.0, "pred_label/ACC": 0.8579166666666667, "_timestamp": 1672328035.9572349, "_runtime": 93.30430793762207, "_step": 2, "Time/train_epoch": 0.6394890348116556, "Time/eval_epoch": 0.08979223966598511, "Obj": 0, "final accuracy": 0, "state": "complated", "_wandb": {"runtime": 92}}