{"Valid-NextTime/RMSE": 2.4423460548157547, "_timestamp": 1672826356.3337512, "Valid-NextTime/rmse_norm": 0.9829834514325517, "Valid-NextTime/msae": 1.69536749003802, "Valid-pred_label/AUROC": 0.924649914463373, "Valid-pred_label/AUPRC": 0.6998687537812469, "Valid-pred_label/f1-binary": 0.6357504215851602, "Valid-pred_label/loss": 0.0, "Valid-pred_label/recall-binary": 0.6252072968490879, "Valid-pred_label/precision-binary": 0.6466552315608919, "Valid-pred_label/ACC": 0.9452332657200812, "_runtime": 2083.268967151642, "_step": 30, "Train-NextTime/RMSE": 2.405949383779231, "Train-NextTime/rmse_norm": 0.9604157782023292, "Train-NextTime/msae": 1.524449329047362, "Train-pred_label/AUROC": 0.9472958073645122, "Train-pred_label/AUPRC": 0.9397279149980288, "Train-pred_label/f1-binary": 0.8344479884761806, "Train-pred_label/loss": 0.0, "Train-pred_label/recall-binary": 0.7615023474178404, "Train-pred_label/precision-binary": 0.9228493400091033, "Train-pred_label/ACC": 0.858262861169838, "Test-NextTime/RMSE": 2.4423460548157547, "Test-NextTime/rmse_norm": 0.9829834514325517, "Test-NextTime/msae": 1.69536749003802, "Test-pred_label/AUROC": 0.924649914463373, "Test-pred_label/AUPRC": 0.6998687537812469, "Test-pred_label/f1-binary": 0.6357504215851602, "Test-pred_label/loss": 0.0, "Test-pred_label/recall-binary": 0.6252072968490879, "Test-pred_label/precision-binary": 0.6466552315608919, "Test-pred_label/ACC": 0.9452332657200812, "time-Time/train_epoch": 0.5791699727376302, "time-Time/valid_epoch": 0.21485878626505533, "Obj": 0.6357504215851602, "Best-Test-pred_label/f1-binary": 0.6357504215851602, "Best-Test-pred_label/AUPRC": 0.7101044145786897, "Best-Test-pred_label/AUROC": 0.9318291862581396, "Best-Valid-pred_label/f1-binary": 0.6357504215851602, "Best-Valid-pred_label/AUPRC": 0.7101044145786897, "Best-Valid-pred_label/AUROC": 0.9318291862581396, "max_obj_val": 0.6357504215851602, "status": "completed", "_wandb": {"runtime": 2082}}