{"Valid-NextTime/RMSE": 0.9383290419675682, "_timestamp": 1672681823.7813838, "Valid-NextTime/rmse_norm": 0.2364175013641421, "Valid-NextTime/msae": 0.5243425810257434, "Valid-pred_label/AUROC": 0.7626684391521297, "Valid-pred_label/AUPRC": 0.3196728949892278, "Valid-pred_label/f1-binary": 0.42503639010189226, "Valid-pred_label/loss": 0.0, "Valid-pred_label/recall-binary": 0.5468164794007491, "Valid-pred_label/precision-binary": 0.3476190476190476, "Valid-pred_label/ACC": 0.787176724137931, "_runtime": 844.2077176570892, "_step": 31, "Train-NextTime/RMSE": 0.9025826965190139, "Train-NextTime/rmse_norm": 0.2321308902192953, "Train-NextTime/msae": 0.5164555947189985, "Train-pred_label/AUROC": 0.7943239291369244, "Train-pred_label/AUPRC": 0.7759713704563178, "Train-pred_label/f1-binary": 0.639628482972136, "Train-pred_label/loss": 0.0, "Train-pred_label/recall-binary": 0.5488841657810839, "Train-pred_label/precision-binary": 0.766320474777448, "Train-pred_label/ACC": 0.6917372881355932, "Test-NextTime/RMSE": 0.9445547003118141, "Test-NextTime/rmse_norm": 0.23418599032033283, "Test-NextTime/msae": 0.5211632099120831, "Test-pred_label/AUROC": 0.7275464467289202, "Test-pred_label/AUPRC": 0.3025627884807795, "Test-pred_label/f1-binary": 0.360381861575179, "Test-pred_label/loss": 0.0, "Test-pred_label/recall-binary": 0.44542772861356933, "Test-pred_label/precision-binary": 0.3026052104208417, "Test-pred_label/ACC": 0.7736486486486487, "time-Time/train_epoch": 0.14290839036305744, "time-Time/valid_epoch": 0.0555945078531901, "Obj": 0.360381861575179, "max_obj_val": 0.3707093821510298, "status": "completed", "_wandb": {"runtime": 843}}