{"NextTime/RMSE": 0.9504952340037777, "NextTime/rmse_norm": 0.27132587750278775, "NextTime/msae": 0.5573824460249747, "pred_label/AUROC": 0.5888738233832157, "pred_label/AUPRC": 0.1869080850763345, "pred_label/f1-binary": 0.0, "pred_label/loss": 0.0, "pred_label/recall-binary": 0.0, "pred_label/precision-binary": 0.0, "pred_label/ACC": 0.8579166666666667, "_timestamp": 1672335228.7119677, "_runtime": 100.10526871681213, "_step": 10, "Time/train_epoch": 0.06253446340560913, "Time/eval_epoch": 0.10859704415003459, "Obj": 0.0, "status": "completed", "obj_val": 0, "_wandb": {"runtime": 99}}