{"NextTime/RMSE": 0.9328028545802661, "NextTime/rmse_norm": 0.24477638993696646, "NextTime/msae": 0.5255010501509361, "pred_label/AUROC": 0.8553493068838758, "pred_label/AUPRC": 0.5205718569500151, "pred_label/f1-binary": 0.4057377049180328, "pred_label/loss": 0.0, "pred_label/recall-binary": 0.2903225806451613, "pred_label/precision-binary": 0.673469387755102, "pred_label/ACC": 0.8791666666666667, "_timestamp": 1672337250.0542178, "_runtime": 841.9523599147797, "_step": 16, "Time/train_epoch": 0.7624002019564311, "Time/eval_epoch": 0.12757067282994589, "Obj": 0.4057377049180328}