{"NextTime/RMSE": 0.956496059650256, "NextTime/rmse_norm": 0.3178088512009439, "NextTime/msae": 0.5882253529462395, "pred_label/AUROC": 0.6504723558257218, "pred_label/AUPRC": 0.22410573564311667, "pred_label/f1-binary": 0.0, "pred_label/loss": 0.0, "pred_label/recall-binary": 0.0, "pred_label/precision-binary": 0.0, "pred_label/ACC": 0.8579166666666667, "_timestamp": 1672331222.569045, "_runtime": 41.1572060585022, "_step": 3, "Time/train_epoch": 0.07912395795186361, "Time/eval_epoch": 0.12627071142196655, "Obj": 0.22410573564311667, "status": "pruned", "_wandb": {"runtime": 40}}