{"NextTime/RMSE": 0.9532160038382573, "NextTime/rmse_norm": 0.29267645934308884, "NextTime/msae": 0.574759665933351, "pred_label/AUROC": 0.8273896590179158, "pred_label/AUPRC": 0.465376931087046, "pred_label/f1-binary": 0.0, "pred_label/loss": 0.0, "pred_label/recall-binary": 0.0, "pred_label/precision-binary": 0.0, "pred_label/ACC": 0.8579166666666667, "_timestamp": 1672327694.5695727, "_runtime": 202.40762662887573, "_step": 2, "Time/train_epoch": 1.403269318739573, "Time/eval_epoch": 0.19501330057779948, "Obj": 0, "final accuracy": 0, "state": "complated", "_wandb": {"runtime": 201}}