{"Valid-NextTime/RMSE": 0.9268967035193751, "_timestamp": 1672681217.5212748, "Valid-NextTime/rmse_norm": 0.24388907484569766, "Valid-NextTime/msae": 0.5313025561819529, "Valid-pred_label/AUROC": 0.7941489123491796, "Valid-pred_label/AUPRC": 0.42242589684544535, "Valid-pred_label/f1-binary": 0.4497751124437781, "Valid-pred_label/loss": 0.0, "Valid-pred_label/recall-binary": 0.5617977528089888, "Valid-pred_label/precision-binary": 0.375, "Valid-pred_label/ACC": 0.8022629310344828, "_runtime": 468.53792572021484, "_step": 23, "Train-NextTime/RMSE": 0.9125184678517602, "Train-NextTime/rmse_norm": 0.24548830000846433, "Train-NextTime/msae": 0.5288085711183089, "Train-pred_label/AUROC": 0.9299632377694886, "Train-pred_label/AUPRC": 0.9199906239433085, "Train-pred_label/f1-binary": 0.8523886205045627, "Train-pred_label/loss": 0.0, "Train-pred_label/recall-binary": 0.8428874734607219, "Train-pred_label/precision-binary": 0.8621064060803475, "Train-pred_label/ACC": 0.854343220338983, "Test-NextTime/RMSE": 0.9336653748624861, "Test-NextTime/rmse_norm": 0.23875510127425725, "Test-NextTime/msae": 0.5273382916381245, "Test-pred_label/AUROC": 0.777329024135289, "Test-pred_label/AUPRC": 0.3598660052459501, "Test-pred_label/f1-binary": 0.4169611307420495, "Test-pred_label/loss": 0.0, "Test-pred_label/recall-binary": 0.5221238938053098, "Test-pred_label/precision-binary": 0.34705882352941175, "Test-pred_label/ACC": 0.7909628378378378, "time-Time/train_epoch": 0.157277512550354, "time-Time/valid_epoch": 0.0667798121770223, "Obj": 0.4169611307420495, "max_obj_val": 0.4410143329658214, "status": "completed", "_wandb": {"runtime": 468}}