{"Valid-NextTime/RMSE": 0.9228708541978767, "_timestamp": 1672677201.1869507, "Valid-NextTime/rmse_norm": 0.2426551986550651, "Valid-NextTime/msae": 0.5339310830763621, "Valid-pred_label/AUROC": 0.8229824424943962, "Valid-pred_label/AUPRC": 0.4882294341111152, "Valid-pred_label/f1-binary": 0.46530612244897956, "Valid-pred_label/loss": 0.0, "Valid-pred_label/recall-binary": 0.42696629213483145, "Valid-pred_label/precision-binary": 0.5112107623318386, "Valid-pred_label/ACC": 0.8588362068965517, "_runtime": 285.7801847457886, "_step": 18, "Train-NextTime/RMSE": 0.9080180170878226, "Train-NextTime/rmse_norm": 0.24412919142210776, "Train-NextTime/msae": 0.5315119623541408, "Train-pred_label/AUROC": 0.8944716679296119, "Train-pred_label/AUPRC": 0.8915607613448532, "Train-pred_label/f1-binary": 0.6973642426167036, "Train-pred_label/loss": 0.0, "Train-pred_label/recall-binary": 0.5700934579439252, "Train-pred_label/precision-binary": 0.8977923139820114, "Train-pred_label/ACC": 0.7476165254237288, "Test-NextTime/RMSE": 0.9313636762103562, "Test-NextTime/rmse_norm": 0.2399554044769246, "Test-NextTime/msae": 0.5325389408565068, "Test-pred_label/AUROC": 0.8206696121576376, "Test-pred_label/AUPRC": 0.4434259899663305, "Test-pred_label/f1-binary": 0.4459016393442623, "Test-pred_label/loss": 0.0, "Test-pred_label/recall-binary": 0.40117994100294985, "Test-pred_label/precision-binary": 0.5018450184501845, "Test-pred_label/ACC": 0.8572635135135135, "time-Time/train_epoch": 0.09479780197143554, "time-Time/valid_epoch": 0.034890981515248616, "Obj": 0.4459016393442623, "max_obj_val": 0.4888888888888889, "status": "completed", "_wandb": {"runtime": 285}}