{"NextTime/RMSE": 2.4244408561582267, "NextTime/rmse_norm": 0.8131553928327141, "NextTime/msae": 1.5308125830147266, "pred_label/AUROC": 0.9270900750137145, "pred_label/AUPRC": 0.7079138938273829, "pred_label/f1-binary": 0.6350435624394966, "pred_label/loss": 0.0, "pred_label/recall-binary": 0.6666666666666666, "pred_label/precision-binary": 0.6062846580406654, "pred_label/ACC": 0.9346393897364771, "_timestamp": 1671618141.6299741, "_runtime": 230.38346123695374, "_step": 6, "NLL/#events": -1.0, "acc": 1.0, "RMSE": 1.0}