{"NextTime/RMSE": 0.9397886450688109, "NextTime/rmse_norm": 0.25063450206284704, "NextTime/msae": 0.5331482749129437, "pred_label/AUROC": 0.8000296246077944, "pred_label/AUPRC": 0.4561760652280388, "pred_label/f1-binary": 0.41287878787878785, "pred_label/loss": 0.0, "pred_label/recall-binary": 0.3196480938416422, "pred_label/precision-binary": 0.5828877005347594, "pred_label/ACC": 0.8708333333333333, "_timestamp": 1672326149.6360164, "_runtime": 178.19183039665222, "_step": 2, "Time/train_epoch": 1.1724256118138632, "Time/eval_epoch": 0.1936454216639201, "Obj": 0, "final accuracy": 0, "state": "complated", "_wandb": {"runtime": 177}}