{"Valid-NextTime/RMSE": 0.925808667150059, "_timestamp": 1672677808.0357144, "Valid-NextTime/rmse_norm": 0.23611188811500028, "Valid-NextTime/msae": 0.524748888301703, "Valid-pred_label/AUROC": 0.8220773435345529, "Valid-pred_label/AUPRC": 0.47597509227733786, "Valid-pred_label/f1-binary": 0.46974063400576366, "Valid-pred_label/loss": 0.0, "Valid-pred_label/recall-binary": 0.6104868913857678, "Valid-pred_label/precision-binary": 0.38173302107728335, "Valid-pred_label/ACC": 0.8017241379310345, "_runtime": 503.2639002799988, "_step": 45, "Train-NextTime/RMSE": 0.9085396337330258, "Train-NextTime/rmse_norm": 0.23964556377440469, "Train-NextTime/msae": 0.5241599866212627, "Train-pred_label/AUROC": 0.901674534331616, "Train-pred_label/AUPRC": 0.8802586491086879, "Train-pred_label/f1-binary": 0.8234048186391316, "Train-pred_label/loss": 0.0, "Train-pred_label/recall-binary": 0.8086323452938118, "Train-pred_label/precision-binary": 0.8387270765911543, "Train-pred_label/ACC": 0.8233580508474576, "Test-NextTime/RMSE": 0.9329283094430251, "Test-NextTime/rmse_norm": 0.2336719479361062, "Test-NextTime/msae": 0.5234728593092698, "Test-pred_label/AUROC": 0.7989622450863657, "Test-pred_label/AUPRC": 0.38358720507075134, "Test-pred_label/f1-binary": 0.42567567567567566, "Test-pred_label/loss": 0.0, "Test-pred_label/recall-binary": 0.5575221238938053, "Test-pred_label/precision-binary": 0.3442622950819672, "Test-pred_label/ACC": 0.7846283783783784, "time-Time/train_epoch": 0.061612415313720706, "time-Time/valid_epoch": 0.025121565659840903, "Obj": 0.42567567567567566, "max_obj_val": 0.43879907621247116, "status": "completed", "_wandb": {"runtime": 502}}