{"CIF/NLL-#events": 1.4911288330718875, "CIF/NLL": 197717.71875, "CIF/#events": 132596.0, "NextTime/RMSE": 2.3442068954298723, "NextTime/rmse_norm": 0.86925733856331, "NextTime/msae": 1.5411628875737025, "NextType(ML)/auc-ovo-weighted": 0.6106319277295816, "NextType(ML)/auc-PR-weighted": 0.4211123003277903, "NextType(ML)/f1-weighted": 0.10893068815708427, "NextType(ML)/precision-weighted": 0.3403110308911341, "NextType(ML)/recall-weighted": 0.07482118023311121, "pred_label/AUROC": 0.8531825368898719, "pred_label/AUPRC": 0.5122927289876614, "pred_label/f1-binary": 0.5082304526748971, "pred_label/loss": 0.0, "pred_label/recall-binary": 0.41029900332225916, "pred_label/precision-binary": 0.6675675675675675, "pred_label/ACC": 0.9392784552845529, "_timestamp": 1672319354.0181775, "_runtime": 419.94866251945496, "_step": 16, "Time/train_epoch": 0.5889188289642334, "Time/eval_epoch": 0.33650904496510825}