{"NextTime/RMSE": 0.9454122484842935, "NextTime/rmse_norm": 0.27054151541478594, "NextTime/msae": 0.5488528646443804, "pred_label/AUROC": 0.6149655542721391, "pred_label/AUPRC": 0.2033295419683091, "pred_label/f1-binary": 0.0, "pred_label/loss": 0.0, "pred_label/recall-binary": 0.0, "pred_label/precision-binary": 0.0, "pred_label/ACC": 0.8579166666666667, "_timestamp": 1672331118.2111702, "_runtime": 31.855865240097046, "_step": 2, "Time/train_epoch": 0.07761494318644206, "Time/eval_epoch": 0.1237987240155538, "Obj": 0.2033295419683091, "status": "pruned", "_wandb": {"runtime": 31}}