{"Valid-NextTime/RMSE": 0.9342637023084762, "_timestamp": 1672683499.7004783, "Valid-NextTime/rmse_norm": 0.2388461202094766, "Valid-NextTime/msae": 0.5290678476914643, "Valid-pred_label/AUROC": 0.7917211729516833, "Valid-pred_label/AUPRC": 0.4089500547452137, "Valid-pred_label/f1-binary": 0.4476190476190476, "Valid-pred_label/loss": 0.0, "Valid-pred_label/recall-binary": 0.5280898876404494, "Valid-pred_label/precision-binary": 0.3884297520661157, "Valid-pred_label/ACC": 0.8125, "_runtime": 526.5093483924866, "_step": 29, "Train-NextTime/RMSE": 0.9210936706351521, "Train-NextTime/rmse_norm": 0.23714426720221043, "Train-NextTime/msae": 0.5257269913339971, "Train-pred_label/AUROC": 0.9347540307130016, "Train-pred_label/AUPRC": 0.922115900772549, "Train-pred_label/f1-binary": 0.8254879448909299, "Train-pred_label/loss": 0.0, "Train-pred_label/recall-binary": 0.7810972297664313, "Train-pred_label/precision-binary": 0.8752282410225197, "Train-pred_label/ACC": 0.8389830508474576, "Test-NextTime/RMSE": 0.9412115948370174, "Test-NextTime/rmse_norm": 0.2347574163127806, "Test-NextTime/msae": 0.5268392198633417, "Test-pred_label/AUROC": 0.7848584899488391, "Test-pred_label/AUPRC": 0.3650259876209259, "Test-pred_label/f1-binary": 0.4005235602094241, "Test-pred_label/loss": 0.0, "Test-pred_label/recall-binary": 0.45132743362831856, "Test-pred_label/precision-binary": 0.36, "Test-pred_label/ACC": 0.8065878378378378, "time-Time/train_epoch": 0.14223942756652833, "time-Time/valid_epoch": 0.05341852108637492, "Obj": 0.4005235602094241, "max_obj_val": 0.43999999999999995, "status": "completed", "_wandb": {"runtime": 525}}