{"NextTime/RMSE": 0.9040319425740825, "NextTime/rmse_norm": 0.30216773443489814, "NextTime/msae": 0.5747710728087434, "pred_label/AUROC": 0.7842773091171155, "pred_label/AUPRC": 0.36440702864225716, "pred_label/f1-binary": 0.0, "pred_label/loss": 0.0, "pred_label/recall-binary": 0.0, "pred_label/precision-binary": 0.0, "pred_label/ACC": 0.8579166666666667, "_timestamp": 1672327310.3154998, "_runtime": 135.40396070480347, "_step": 2, "Time/train_epoch": 1.0564353187878928, "Time/eval_epoch": 0.13372387091318766, "Obj": 0, "final accuracy": 0, "state": "complated", "_wandb": {"runtime": 134}}