{"Valid-NextTime/RMSE": 0.9378865266512615, "_timestamp": 1672750784.965173, "Valid-NextTime/rmse_norm": 0.2166849872978169, "Valid-NextTime/msae": 0.5125219762784006, "Valid-pred_label/AUROC": 0.7860294117647059, "Valid-pred_label/AUPRC": 0.39042616442810685, "Valid-pred_label/f1-binary": 0.43609022556390975, "Valid-pred_label/loss": 0.0, "Valid-pred_label/recall-binary": 0.6397058823529411, "Valid-pred_label/precision-binary": 0.33079847908745247, "Valid-pred_label/ACC": 0.7646443514644351, "_runtime": 79.03512001037598, "_step": 4, "Train-NextTime/RMSE": 0.9701943531245206, "Train-NextTime/rmse_norm": 0.21848027098713407, "Train-NextTime/msae": 0.5214612066565946, "Train-pred_label/AUROC": 0.8382423544097173, "Train-pred_label/AUPRC": 0.8088503118674872, "Train-pred_label/f1-binary": 0.7448559670781895, "Train-pred_label/loss": 0.0, "Train-pred_label/recall-binary": 0.7318059299191375, "Train-pred_label/precision-binary": 0.7583798882681564, "Train-pred_label/ACC": 0.756544502617801, "Test-NextTime/RMSE": 0.9440805342643336, "Test-NextTime/rmse_norm": 0.21468463980493843, "Test-NextTime/msae": 0.5123128578825575, "Test-pred_label/AUROC": 0.7642280012362577, "Test-pred_label/AUPRC": 0.34343326003141433, "Test-pred_label/f1-binary": 0.4079497907949791, "Test-pred_label/loss": 0.0, "Test-pred_label/recall-binary": 0.5718475073313783, "Test-pred_label/precision-binary": 0.3170731707317073, "Test-pred_label/ACC": 0.7641666666666667, "time-Time/train_epoch": 0.10487922032674153, "time-Time/valid_epoch": 0.07797820965449015, "Obj": 0.4079497907949791, "Best-Test-pred_label/f1-binary": 0.4079497907949791, "Best-Test-pred_label/AUPRC": 0.34343326003141433, "Best-Test-pred_label/AUROC": 0.7642280012362577, "Best-Valid-pred_label/f1-binary": 0.43609022556390975, "Best-Valid-pred_label/AUPRC": 0.39042616442810685, "Best-Valid-pred_label/AUROC": 0.7860294117647059}