{"NextTime/RMSE": 0.9468978337969052, "NextTime/rmse_norm": 0.22296051125412342, "NextTime/msae": 0.5057513668600715, "pred_label/AUROC": 0.564488355962451, "pred_label/AUPRC": 0.17042084708541982, "pred_label/f1-binary": 0.0, "pred_label/loss": 0.0, "pred_label/recall-binary": 0.0, "pred_label/precision-binary": 0.0, "pred_label/ACC": 0.8579166666666667, "_timestamp": 1672331071.1682522, "_runtime": 21.351330280303955, "_step": 1, "status": "pruned", "Time/train_epoch": 0.08871572017669678, "Time/eval_epoch": 0.12107439041137695, "Obj": 0.17042084708541982, "_wandb": {"runtime": 20}}