{"Valid-NextTime/RMSE": 2.41665703598612, "_timestamp": 1672823707.1430695, "Valid-NextTime/rmse_norm": 0.9712606565752419, "Valid-NextTime/msae": 1.672910741781521, "Valid-pred_label/AUROC": 0.9255274758670614, "Valid-pred_label/AUPRC": 0.6898304934402433, "Valid-pred_label/f1-binary": 0.6422628951747087, "Valid-pred_label/loss": 0.0, "Valid-pred_label/recall-binary": 0.6401326699834162, "Valid-pred_label/precision-binary": 0.6444073455759599, "Valid-pred_label/ACC": 0.9454868154158215, "_runtime": 1619.7547736167908, "_step": 17, "Train-NextTime/RMSE": 2.3589310927384934, "Train-NextTime/rmse_norm": 0.941436943331903, "Train-NextTime/msae": 1.4886356029749956, "Train-pred_label/AUROC": 0.9514491263326463, "Train-pred_label/AUPRC": 0.9544289309195577, "Train-pred_label/f1-binary": 0.8500803858520901, "Train-pred_label/loss": 0.0, "Train-pred_label/recall-binary": 0.7750091608647857, "Train-pred_label/precision-binary": 0.9412550066755674, "Train-pred_label/ACC": 0.868569415081043, "Test-NextTime/RMSE": 2.41665703598612, "Test-NextTime/rmse_norm": 0.9712606565752419, "Test-NextTime/msae": 1.672910741781521, "Test-pred_label/AUROC": 0.9255274758670614, "Test-pred_label/AUPRC": 0.6898304934402433, "Test-pred_label/f1-binary": 0.6422628951747087, "Test-pred_label/loss": 0.0, "Test-pred_label/recall-binary": 0.6401326699834162, "Test-pred_label/precision-binary": 0.6444073455759599, "Test-pred_label/ACC": 0.9454868154158215, "time-Time/train_epoch": 0.632336962223053, "time-Time/valid_epoch": 0.22467645406723022, "Obj": 0.6422628951747087, "Best-Test-pred_label/f1-binary": 0.6532045654082528, "Best-Test-pred_label/AUPRC": 0.7004906723537888, "Best-Test-pred_label/AUROC": 0.9323333003251874, "Best-Valid-pred_label/f1-binary": 0.6532045654082528, "Best-Valid-pred_label/AUPRC": 0.7004906723537888, "Best-Valid-pred_label/AUROC": 0.9323333003251874}