{"NextTime/RMSE": 0.9442959730262653, "NextTime/rmse_norm": 0.24021416132241954, "NextTime/msae": 0.5321105748088174, "pred_label/AUROC": 0.6601779755283649, "pred_label/AUPRC": 0.24853506971346115, "pred_label/f1-binary": 0.1768421052631579, "pred_label/loss": 0.0, "pred_label/recall-binary": 0.12316715542521994, "pred_label/precision-binary": 0.31343283582089554, "pred_label/ACC": 0.8370833333333333, "_timestamp": 1672331607.0961823, "_runtime": 68.71954441070557, "_step": 10, "Time/train_epoch": 0.041829673449198405, "Time/eval_epoch": 0.06497015555699666, "Obj": 0.24853506971346115, "obj_val": 0.24853506971346115, "status": "completed", "_wandb": {"runtime": 68}}