{"Valid-NextTime/RMSE": 0.9442247215892047, "_timestamp": 1672745092.920192, "Valid-NextTime/rmse_norm": 0.27387086301838875, "Valid-NextTime/msae": 0.5544260186493293, "Valid-pred_label/AUROC": 0.6595834827833573, "Valid-pred_label/AUPRC": 0.2343617450761657, "Valid-pred_label/f1-binary": 0.0, "Valid-pred_label/loss": 0.0, "Valid-pred_label/recall-binary": 0.0, "Valid-pred_label/precision-binary": 0.0, "Valid-pred_label/ACC": 0.8577405857740585, "_runtime": 37.578803062438965, "_step": 12, "Train-NextTime/RMSE": 0.9705184230561132, "Train-NextTime/rmse_norm": 0.2684875962010412, "Train-NextTime/msae": 0.5553721491354103, "Train-pred_label/AUROC": 0.7111787457992518, "Train-pred_label/AUPRC": 0.6662834722653246, "Train-pred_label/f1-binary": 0.0, "Train-pred_label/loss": 0.0, "Train-pred_label/recall-binary": 0.0, "Train-pred_label/precision-binary": 0.0, "Train-pred_label/ACC": 0.5085078534031413, "Test-NextTime/RMSE": 0.9505756098872548, "Test-NextTime/rmse_norm": 0.2738727028581596, "Test-NextTime/msae": 0.5517799831057836, "Test-pred_label/AUROC": 0.6379887170123583, "Test-pred_label/AUPRC": 0.22389527002670034, "Test-pred_label/f1-binary": 0.0, "Test-pred_label/loss": 0.0, "Test-pred_label/recall-binary": 0.0, "Test-pred_label/precision-binary": 0.0, "Test-pred_label/ACC": 0.8579166666666667, "time-Time/train_epoch": 0.08395867347717285, "time-Time/valid_epoch": 0.061253829797108965, "Obj": 0.0, "Best-Test-pred_label/f1-binary": 0.2978723404255319, "Best-Test-pred_label/AUPRC": 0.24576546175734776, "Best-Test-pred_label/AUROC": 0.6842404949784793}