{"Valid-NextTime/RMSE": 0.9386034346519009, "_timestamp": 1672676359.028987, "Valid-NextTime/rmse_norm": 0.266949494540942, "Valid-NextTime/msae": 0.5519477660665717, "Valid-pred_label/AUROC": 0.8045080527880113, "Valid-pred_label/AUPRC": 0.4522984011572893, "Valid-pred_label/f1-binary": 0.4645669291338582, "Valid-pred_label/loss": 0.0, "Valid-pred_label/recall-binary": 0.4419475655430712, "Valid-pred_label/precision-binary": 0.4896265560165975, "Valid-pred_label/ACC": 0.853448275862069, "_runtime": 363.9968409538269, "_step": 27, "Train-NextTime/RMSE": 0.912554484372348, "Train-NextTime/rmse_norm": 0.2733897788232891, "Train-NextTime/msae": 0.5508711374630214, "Train-pred_label/AUROC": 0.9041687287548803, "Train-pred_label/AUPRC": 0.8926823115843404, "Train-pred_label/f1-binary": 0.7082926829268292, "Train-pred_label/loss": 0.0, "Train-pred_label/recall-binary": 0.5811099252934898, "Train-pred_label/precision-binary": 0.906744379683597, "Train-pred_label/ACC": 0.762447033898305, "Test-NextTime/RMSE": 0.9451107896849197, "Test-NextTime/rmse_norm": 0.26383322241754426, "Test-NextTime/msae": 0.5486862476055439, "Test-pred_label/AUROC": 0.7933765706983257, "Test-pred_label/AUPRC": 0.4081453578912446, "Test-pred_label/f1-binary": 0.43779527559055115, "Test-pred_label/loss": 0.0, "Test-pred_label/recall-binary": 0.41002949852507375, "Test-pred_label/precision-binary": 0.46959459459459457, "Test-pred_label/ACC": 0.8492398648648649, "time-Time/train_epoch": 0.059409002463022866, "time-Time/valid_epoch": 0.02247398296991984, "Obj": 0.43779527559055115, "max_obj_val": 0.4591977869986169, "status": "completed", "_wandb": {"runtime": 363}}