{"NextTime/RMSE": 3.072991466570983, "NextTime/rmse_norm": 0.5994854011669463, "NextTime/msae": 1.9811316821910805, "pred_label/AUROC": 0.3545190997654145, "pred_label/AUPRC": 0.05768057109579997, "pred_label/f1-binary": 0.0900490539593553, "pred_label/loss": 0.0, "pred_label/recall-binary": 0.4262023217247098, "pred_label/precision-binary": 0.050342801175318315, "pred_label/ACC": 0.3415314401622718, "_timestamp": 1672398492.043632, "_runtime": 11.362781047821045, "_step": 0}