{"NextTime/RMSE": 0.9411211835701112, "NextTime/rmse_norm": 0.2775451614658311, "NextTime/msae": 0.5515366884978757, "pred_label/AUROC": 0.8298208708210433, "pred_label/AUPRC": 0.44180357088537836, "pred_label/f1-binary": 0.4007155635062612, "pred_label/loss": 0.0, "pred_label/recall-binary": 0.3284457478005865, "pred_label/precision-binary": 0.5137614678899083, "pred_label/ACC": 0.8604166666666667, "_timestamp": 1672324450.0750458, "_runtime": 244.24339771270752, "_step": 5, "Time/train_epoch": 0.6944865504900615, "Time/eval_epoch": 0.083512016137441, "Obj": 0, "final accuracy": 0, "state": "complated", "_wandb": {"runtime": 243}}