{"Valid-NextTime/RMSE": 0.9399465031936672, "_timestamp": 1672681889.393281, "Valid-NextTime/rmse_norm": 0.24202416284150585, "Valid-NextTime/msae": 0.5318267312286856, "Valid-pred_label/AUROC": 0.7550128104501217, "Valid-pred_label/AUPRC": 0.3445815346765875, "Valid-pred_label/f1-binary": 0.38009049773755654, "Valid-pred_label/loss": 0.0, "Valid-pred_label/recall-binary": 0.47191011235955055, "Valid-pred_label/precision-binary": 0.3181818181818182, "Valid-pred_label/ACC": 0.7785560344827587, "_runtime": 882.7633900642395, "_step": 38, "Train-NextTime/RMSE": 0.8985387799462072, "Train-NextTime/rmse_norm": 0.24026894527614062, "Train-NextTime/msae": 0.5235590444780632, "Train-pred_label/AUROC": 0.8261307728219494, "Train-pred_label/AUPRC": 0.8070768943142175, "Train-pred_label/f1-binary": 0.6906044284859366, "Train-pred_label/loss": 0.0, "Train-pred_label/recall-binary": 0.6164529914529915, "Train-pred_label/precision-binary": 0.7850340136054422, "Train-pred_label/ACC": 0.7261652542372882, "Test-NextTime/RMSE": 0.9464017474637054, "Test-NextTime/rmse_norm": 0.24032391028408912, "Test-NextTime/msae": 0.5280798511392266, "Test-pred_label/AUROC": 0.7375896114016378, "Test-pred_label/AUPRC": 0.30500458399809227, "Test-pred_label/f1-binary": 0.3536439665471923, "Test-pred_label/loss": 0.0, "Test-pred_label/recall-binary": 0.4365781710914454, "Test-pred_label/precision-binary": 0.2971887550200803, "Test-pred_label/ACC": 0.7715371621621622, "time-Time/train_epoch": 0.05828370253245036, "time-Time/valid_epoch": 0.02132812738418579, "Obj": 0.3536439665471923, "max_obj_val": 0.3561320754716981, "status": "completed", "_wandb": {"runtime": 879}}