{"Valid-NextTime/RMSE": 0.9234649214154588, "_timestamp": 1672679097.6636622, "Valid-NextTime/rmse_norm": 0.2469455989666238, "Valid-NextTime/msae": 0.5346336794401557, "Valid-pred_label/AUROC": 0.8035982397710852, "Valid-pred_label/AUPRC": 0.4265417510104768, "Valid-pred_label/f1-binary": 0.4883720930232558, "Valid-pred_label/loss": 0.0, "Valid-pred_label/recall-binary": 0.550561797752809, "Valid-pred_label/precision-binary": 0.4388059701492537, "Valid-pred_label/ACC": 0.834051724137931, "_runtime": 278.95333313941956, "_step": 31, "Train-NextTime/RMSE": 0.8775838696940832, "Train-NextTime/rmse_norm": 0.24473835692672738, "Train-NextTime/msae": 0.5250872773914654, "Train-pred_label/AUROC": 0.924881771618904, "Train-pred_label/AUPRC": 0.9106128706974742, "Train-pred_label/f1-binary": 0.8381977897421367, "Train-pred_label/loss": 0.0, "Train-pred_label/recall-binary": 0.7900641025641025, "Train-pred_label/precision-binary": 0.8925769462884732, "Train-pred_label/ACC": 0.848781779661017, "Test-NextTime/RMSE": 0.9291529509339266, "Test-NextTime/rmse_norm": 0.24480884548146978, "Test-NextTime/msae": 0.5325150246130259, "Test-pred_label/AUROC": 0.7927630478998475, "Test-pred_label/AUPRC": 0.39154273002046486, "Test-pred_label/f1-binary": 0.43641231593038826, "Test-pred_label/loss": 0.0, "Test-pred_label/recall-binary": 0.4808259587020649, "Test-pred_label/precision-binary": 0.39950980392156865, "Test-pred_label/ACC": 0.8222128378378378, "time-Time/train_epoch": 0.05933005412419637, "time-Time/valid_epoch": 0.024006879329681395, "Obj": 0.43641231593038826, "max_obj_val": 0.4615384615384615, "status": "completed", "_wandb": {"runtime": 278}}