{"NextTime/RMSE": 0.9457467024439897, "NextTime/rmse_norm": 0.25856526848407335, "NextTime/msae": 0.545062361899251, "pred_label/AUROC": 0.6422330117829029, "pred_label/AUPRC": 0.2293023107481329, "pred_label/f1-binary": 0.0, "pred_label/loss": 0.0, "pred_label/recall-binary": 0.0, "pred_label/precision-binary": 0.0, "pred_label/ACC": 0.8579166666666667, "_timestamp": 1672335325.067881, "_runtime": 79.39163422584534, "_step": 10, "Time/train_epoch": 0.046962082386016846, "Time/eval_epoch": 0.06822105646133422, "Obj": 0.0, "status": "completed", "obj_val": 0, "_wandb": {"runtime": 78}}