{"Valid-NextTime/RMSE": 0.9401979934724926, "_timestamp": 1672681848.4828131, "Valid-NextTime/rmse_norm": 0.247408389569081, "Valid-NextTime/msae": 0.5329948926860056, "Valid-pred_label/AUROC": 0.714346997027787, "Valid-pred_label/AUPRC": 0.28218655268766807, "Valid-pred_label/f1-binary": 0.3298611111111111, "Valid-pred_label/loss": 0.0, "Valid-pred_label/recall-binary": 0.35580524344569286, "Valid-pred_label/precision-binary": 0.3074433656957929, "Valid-pred_label/ACC": 0.7920258620689655, "_runtime": 868.962081193924, "_step": 33, "Train-NextTime/RMSE": 0.9040699956278989, "Train-NextTime/rmse_norm": 0.2436976300697716, "Train-NextTime/msae": 0.5262712235244947, "Train-pred_label/AUROC": 0.7694132913724535, "Train-pred_label/AUPRC": 0.7392659755708331, "Train-pred_label/f1-binary": 0.5406915822563745, "Train-pred_label/loss": 0.0, "Train-pred_label/recall-binary": 0.41770102536427417, "Train-pred_label/precision-binary": 0.7663366336633664, "Train-pred_label/ACC": 0.6517478813559322, "Test-NextTime/RMSE": 0.9484326603514566, "Test-NextTime/rmse_norm": 0.2456676118841712, "Test-NextTime/msae": 0.5312510978284223, "Test-pred_label/AUROC": 0.7001763514584252, "Test-pred_label/AUPRC": 0.267023188289721, "Test-pred_label/f1-binary": 0.31098430813124106, "Test-pred_label/loss": 0.0, "Test-pred_label/recall-binary": 0.3215339233038348, "Test-pred_label/precision-binary": 0.3011049723756906, "Test-pred_label/ACC": 0.7960304054054054, "time-Time/train_epoch": 0.10886268615722657, "time-Time/valid_epoch": 0.035187053680419925, "Obj": 0.31098430813124106, "max_obj_val": 0.3236842105263158, "status": "completed", "_wandb": {"runtime": 868}}