{"Valid-CIF/NLL-#events": -2.2710796771132595, "_timestamp": 1672757770.458091, "Valid-CIF/NLL": -216601.953125, "Valid-CIF/#events": 95374.0, "Valid-NextTime/RMSE": 0.8361745813660375, "Valid-NextTime/rmse_norm": 0.28615450776463885, "Valid-NextTime/msae": 0.519681076320826, "Valid-NextType(ML)/auc-ovo-weighted": 0.8294428448153215, "Valid-NextType(ML)/auc-PR-weighted": 0.6091093987242502, "Valid-NextType(ML)/f1-weighted": 0.5133290486532153, "Valid-NextType(ML)/precision-weighted": 0.44038268397496505, "Valid-NextType(ML)/recall-weighted": 0.8031605542902501, "Valid-pred_label/AUROC": 0.8528470229555237, "Valid-pred_label/AUPRC": 0.5173155206211134, "Valid-pred_label/f1-binary": 0.45837414299706175, "Valid-pred_label/loss": 0.0, "Valid-pred_label/recall-binary": 0.8602941176470589, "Valid-pred_label/precision-binary": 0.31241655540720964, "Valid-pred_label/ACC": 0.7107740585774058, "_runtime": 3699.5226209163666, "_step": 26, "Train-CIF/NLL-#events": -2.343010678347131, "Train-CIF/NLL": -919247.4375, "Train-CIF/#events": 392336.0, "Train-NextTime/RMSE": 0.8131559460691304, "Train-NextTime/rmse_norm": 0.28150428317075005, "Train-NextTime/msae": 0.5174670935231337, "Train-NextType(ML)/auc-ovo-weighted": 0.8256938813779379, "Train-NextType(ML)/auc-PR-weighted": 0.5905818746069534, "Train-NextType(ML)/f1-weighted": 0.49108418297133405, "Train-NextType(ML)/precision-weighted": 0.420202831408103, "Train-NextType(ML)/recall-weighted": 0.8041833333129895, "Train-pred_label/AUROC": 0.9113464536455606, "Train-pred_label/AUPRC": 0.8969046730577138, "Train-pred_label/f1-binary": 0.8530416951469584, "Train-pred_label/loss": 0.0, "Train-pred_label/recall-binary": 0.9551020408163265, "Train-pred_label/precision-binary": 0.7706875257307534, "Train-pred_label/ACC": 0.8316805845511482, "Test-CIF/NLL-#events": -2.293305454937294, "Test-CIF/NLL": -276671.25, "Test-CIF/#events": 120643.0, "Test-NextTime/RMSE": 0.8372086246680407, "Test-NextTime/rmse_norm": 0.2821463487080646, "Test-NextTime/msae": 0.5163340264479397, "Test-NextType(ML)/auc-ovo-weighted": 0.8287365367997782, "Test-NextType(ML)/auc-PR-weighted": 0.6047174377645028, "Test-NextType(ML)/f1-weighted": 0.5106747766362526, "Test-NextType(ML)/precision-weighted": 0.43959987024894215, "Test-NextType(ML)/recall-weighted": 0.8022671951002798, "Test-pred_label/AUROC": 0.8386655253596612, "Test-pred_label/AUPRC": 0.4839183577139928, "Test-pred_label/f1-binary": 0.4419354838709677, "Test-pred_label/loss": 0.0, "Test-pred_label/recall-binary": 0.8035190615835777, "Test-pred_label/precision-binary": 0.3047830923248053, "Test-pred_label/ACC": 0.7116666666666667, "time-Time/train_epoch": 0.8906516989072164, "time-Time/valid_epoch": 0.12472322781880697, "Obj": 0.4419354838709677, "Best-Test-pred_label/f1-binary": 0.5005636978579481, "Best-Test-pred_label/AUPRC": 0.49441376259239583, "Best-Test-pred_label/AUROC": 0.8421065374957806, "Best-Valid-pred_label/f1-binary": 0.5220883534136546, "Best-Valid-pred_label/AUPRC": 0.5237923059263941, "Best-Valid-pred_label/AUROC": 0.8570144368723099, "max_obj_val": 0.5127071823204419, "status": "completed", "_wandb": {"runtime": 3698}}