{"NextTime/RMSE": 1.0094513082184695, "NextTime/rmse_norm": 0.27063738931347187, "NextTime/msae": 0.5652635535868619, "pred_label/AUROC": 0.6365620114643044, "pred_label/AUPRC": 0.24400378434638248, "pred_label/f1-binary": 0.22900763358778625, "pred_label/loss": 0.0, "pred_label/recall-binary": 0.19736842105263158, "pred_label/precision-binary": 0.2727272727272727, "pred_label/ACC": 0.7895833333333333, "_timestamp": 1672329466.0032275, "_runtime": 299.02209854125977, "_step": 10, "Time/train_epoch": 0.4113606890042623, "Time/eval_epoch": 0.05418394009272257, "Obj": 0, "final accuracy": 0, "status": "completed", "_wandb": {"runtime": 298}}