{"NextTime/RMSE": 0.9605730745402657, "NextTime/rmse_norm": 0.30039005294479737, "NextTime/msae": 0.5697145782108985, "pred_label/AUROC": 0.6827123501823866, "pred_label/AUPRC": 0.28490321785960043, "pred_label/f1-binary": 0.1111111111111111, "pred_label/loss": 0.0, "pred_label/recall-binary": 0.06578947368421052, "pred_label/precision-binary": 0.35714285714285715, "pred_label/ACC": 0.8333333333333334, "_timestamp": 1672329152.2010417, "_runtime": 129.60106778144836, "_step": 10, "Time/train_epoch": 0.18665966987609864, "Time/eval_epoch": 0.02681200901667277, "Obj": 0, "final accuracy": 0, "status": "completed", "_wandb": {"runtime": 129}}