{"NextTime/RMSE": 0.9599338522025248, "NextTime/rmse_norm": 0.3220300370791148, "NextTime/msae": 0.5931825432368285, "pred_label/AUROC": 0.6104962264231562, "pred_label/AUPRC": 0.20402399607503494, "pred_label/f1-binary": 0.0, "pred_label/loss": 0.0, "pred_label/recall-binary": 0.0, "pred_label/precision-binary": 0.0, "pred_label/ACC": 0.8579166666666667, "_timestamp": 1672330928.2084954, "_runtime": 45.31833529472351, "_step": 3, "Time/train_epoch": 0.08358438412348429, "Time/eval_epoch": 0.11932994127273559, "Obj": 0.20402399607503494, "status": "pruned", "_wandb": {"runtime": 44}}