{"NextTime/RMSE": 0.9046646297411369, "NextTime/rmse_norm": 0.31005282517361693, "NextTime/msae": 0.5570239631987558, "NextType(ML)/auc-ovo-weighted": 0.7405083212699419, "NextType(ML)/auc-PR-weighted": 0.4433651019544398, "NextType(ML)/f1-weighted": 0.36528902559725207, "NextType(ML)/precision-weighted": 0.38179888141161894, "NextType(ML)/recall-weighted": 0.7070251639645746, "pred_label/AUROC": 0.7012899522730478, "pred_label/AUPRC": 0.25532642655911886, "pred_label/f1-binary": 0.0, "pred_label/loss": 0.0, "pred_label/recall-binary": 0.0, "pred_label/precision-binary": 0.0, "pred_label/ACC": 0.8579166666666667, "_timestamp": 1672332775.1272993, "_runtime": 166.33023238182068, "_step": 4, "Time/train_epoch": 0.46433690388997395, "Time/eval_epoch": 0.17463831901550292, "Obj": 0.36528902559725207}