{"NextTime/RMSE": 0.9942239015465167, "NextTime/rmse_norm": 0.4020105092560871, "NextTime/msae": 0.6484044460148239, "pred_label/AUROC": 0.5636736792481046, "pred_label/AUPRC": 0.17653105712014222, "pred_label/f1-binary": 0.0, "pred_label/loss": 0.0, "pred_label/recall-binary": 0.0, "pred_label/precision-binary": 0.0, "pred_label/ACC": 0.8579166666666667, "_timestamp": 1672334129.507508, "_runtime": 97.94315695762634, "_step": 3, "Time/train_epoch": 0.3994820912679036, "Time/eval_epoch": 0.11874430179595948, "Obj": 0.0, "status": "stopped", "_wandb": {"runtime": 97}}