{"NextTime/RMSE": 2.425292807167628, "NextTime/rmse_norm": 0.7653984195456479, "NextTime/msae": 1.5795181205150433, "pred_label/AUROC": 0.902209838476344, "pred_label/AUPRC": 0.6281910539287967, "pred_label/f1-binary": 0.5888429752066117, "pred_label/loss": 0.0, "pred_label/recall-binary": 0.472636815920398, "pred_label/precision-binary": 0.7808219178082192, "pred_label/ACC": 0.9495436105476673, "_timestamp": 1671622100.1997366, "_runtime": 998.3387985229492, "_step": 15, "_wandb": {"runtime": 998}}