{"NextTime/RMSE": 0.9240720092173964, "NextTime/rmse_norm": 0.2570345841560999, "NextTime/msae": 0.5324681640618929, "pred_label/AUROC": 0.5853964926173484, "pred_label/AUPRC": 0.1942149978268835, "pred_label/f1-binary": 0.0, "pred_label/loss": 0.0, "pred_label/recall-binary": 0.0, "pred_label/precision-binary": 0.0, "pred_label/ACC": 0.8579166666666667, "_timestamp": 1672330868.1716175, "_runtime": 33.69815540313721, "_step": 2, "Time/train_epoch": 0.08533557653427123, "Time/eval_epoch": 0.12970093488693238, "Obj": 0.1942149978268835, "status": "pruned", "_wandb": {"runtime": 33}}