{"NextTime/RMSE": 0.9447585520524401, "NextTime/rmse_norm": 0.2690732161469536, "NextTime/msae": 0.5504618074033836, "pred_label/AUROC": 0.8127126598197741, "pred_label/AUPRC": 0.41642114255973633, "pred_label/f1-binary": 0.0, "pred_label/loss": 0.0, "pred_label/recall-binary": 0.0, "pred_label/precision-binary": 0.0, "pred_label/ACC": 0.8579166666666667, "_timestamp": 1672326691.8663807, "_runtime": 196.6669626235962, "_step": 2, "Time/train_epoch": 1.3723033547401429, "Time/eval_epoch": 0.20453609625498453, "Obj": 0, "final accuracy": 0, "state": "complated", "_wandb": {"runtime": 196}}