{"NextTime/RMSE": 2.5051904306252095, "NextTime/rmse_norm": 1.9282649477838363, "NextTime/msae": 2.312608027617673, "pred_label/AUROC": 0.5755028705960101, "pred_label/AUPRC": 0.1847173831733337, "pred_label/f1-binary": 0.2705642420122366, "pred_label/loss": 0.0, "pred_label/recall-binary": 0.5835777126099707, "pred_label/precision-binary": 0.17610619469026548, "pred_label/ACC": 0.5529166666666666, "_timestamp": 1672332036.7598567, "_runtime": 17.715848684310913, "_step": 0}