{"NextTime/RMSE": 0.9297552571408264, "NextTime/rmse_norm": 0.27497233519425945, "NextTime/msae": 0.551400576881816, "pred_label/AUROC": 0.8020563465737289, "pred_label/AUPRC": 0.3750771403025252, "pred_label/f1-binary": 0.0, "pred_label/loss": 0.0, "pred_label/recall-binary": 0.0, "pred_label/precision-binary": 0.0, "pred_label/ACC": 0.8579166666666667, "_timestamp": 1672326477.3810577, "_runtime": 134.69391870498657, "_step": 2, "Time/train_epoch": 0.9156564156214396, "Time/eval_epoch": 0.1318281928698222, "Obj": 0, "final accuracy": 0, "state": "complated", "_wandb": {"runtime": 133}}