{"NextTime/RMSE": 2.441723866574714, "NextTime/rmse_norm": 0.7441092589071858, "NextTime/msae": 1.5975949567944536, "pred_label/AUROC": 0.8997279654964716, "pred_label/AUPRC": 0.5575190529044141, "pred_label/f1-binary": 0.5928571428571429, "pred_label/loss": 0.0, "pred_label/recall-binary": 0.5579831932773109, "pred_label/precision-binary": 0.6323809523809524, "pred_label/ACC": 0.9415983606557377, "_timestamp": 1672399074.149622, "_runtime": 333.84096789360046, "_step": 10, "Time/train_epoch": 0.2875846982002258, "Time/eval_epoch": 0.24156371355056763, "Obj": 0.5928571428571429}