{"NextTime/RMSE": 0.9556968215346654, "NextTime/rmse_norm": 0.2983175093092537, "NextTime/msae": 0.5785145865073793, "pred_label/AUROC": 0.5703278219219249, "pred_label/AUPRC": 0.20384684184886734, "pred_label/f1-binary": 0.0, "pred_label/loss": 0.0, "pred_label/recall-binary": 0.0, "pred_label/precision-binary": 0.0, "pred_label/ACC": 0.8579166666666667, "_timestamp": 1672330654.149579, "_runtime": 76.42256712913513, "_step": 2, "Time/train_epoch": 0.21387746731440227, "Time/eval_epoch": 0.27949655055999756, "Obj": 0.20384684184886734, "status": "pruned", "_wandb": {"runtime": 75}}