{"NextTime/RMSE": 0.9311428024309523, "NextTime/rmse_norm": 0.27791344175864185, "NextTime/msae": 0.548758699236202, "pred_label/AUROC": 0.8450490586353595, "pred_label/AUPRC": 0.4967674705148562, "pred_label/f1-binary": 0.4277673545966229, "pred_label/loss": 0.0, "pred_label/recall-binary": 0.3343108504398827, "pred_label/precision-binary": 0.59375, "pred_label/ACC": 0.8729166666666667, "_timestamp": 1672391008.8089113, "_runtime": 1950.2175772190094, "_step": 24, "Time/train_epoch": 1.1588152329126993, "Time/eval_epoch": 0.15605404774347942, "Obj": 0.4277673545966229}