{"NextTime/RMSE": 0.9284582319765957, "NextTime/rmse_norm": 0.2915114818089986, "NextTime/msae": 0.548436780183514, "pred_label/AUROC": 0.7182343733754534, "pred_label/AUPRC": 0.24705481052864417, "pred_label/f1-binary": 0.0, "pred_label/loss": 0.0, "pred_label/recall-binary": 0.0, "pred_label/precision-binary": 0.0, "pred_label/ACC": 0.8579166666666667, "_timestamp": 1672324776.7232752, "_runtime": 135.82521224021912, "_step": 2, "Time/train_epoch": 0.9579393903414408, "Time/eval_epoch": 0.12461438179016113, "Obj": 0, "final accuracy": 0, "state": "complated", "_wandb": {"runtime": 135}}