{"Valid-NextTime/RMSE": 0.9207112425259356, "_timestamp": 1672754013.1202385, "Valid-NextTime/rmse_norm": 0.26093593206189025, "Valid-NextTime/msae": 0.5479865002462653, "Valid-pred_label/AUROC": 0.8123453192252511, "Valid-pred_label/AUPRC": 0.46349518289583286, "Valid-pred_label/f1-binary": 0.4843304843304843, "Valid-pred_label/loss": 0.0, "Valid-pred_label/recall-binary": 0.625, "Valid-pred_label/precision-binary": 0.3953488372093023, "Valid-pred_label/ACC": 0.8106694560669456, "_runtime": 1731.5592625141144, "_step": 27, "Train-NextTime/RMSE": 0.8872014493792625, "Train-NextTime/rmse_norm": 0.2543611753773082, "Train-NextTime/msae": 0.5383964594743236, "Train-pred_label/AUROC": 0.9512688434690921, "Train-pred_label/AUPRC": 0.9356213262115013, "Train-pred_label/f1-binary": 0.9041025641025641, "Train-pred_label/loss": 0.0, "Train-pred_label/recall-binary": 0.9213483146067416, "Train-pred_label/precision-binary": 0.8874905612886987, "Train-pred_label/ACC": 0.9024008350730689, "Test-NextTime/RMSE": 0.9274733910868587, "Test-NextTime/rmse_norm": 0.2591338447333663, "Test-NextTime/msae": 0.5459550132646172, "Test-pred_label/AUROC": 0.8088002176269264, "Test-pred_label/AUPRC": 0.47763184874871484, "Test-pred_label/f1-binary": 0.47904191616766467, "Test-pred_label/loss": 0.0, "Test-pred_label/recall-binary": 0.5865102639296188, "Test-pred_label/precision-binary": 0.4048582995951417, "Test-pred_label/ACC": 0.81875, "time-Time/train_epoch": 0.7044127146402995, "time-Time/valid_epoch": 0.08459922472635904, "Obj": 0.47904191616766467, "Best-Test-pred_label/f1-binary": 0.5054229934924077, "Best-Test-pred_label/AUPRC": 0.5338977381064075, "Best-Test-pred_label/AUROC": 0.8502048797995783, "Best-Valid-pred_label/f1-binary": 0.516297262059974, "Best-Valid-pred_label/AUPRC": 0.5456603052934115, "Best-Valid-pred_label/AUROC": 0.8677143113342899, "max_obj_val": 0.5145631067961164, "status": "completed", "_wandb": {"runtime": 1730}}