{"Valid-NextTime/RMSE": 0.9300223999131207, "_timestamp": 1672683665.480384, "Valid-NextTime/rmse_norm": 0.24801914119363883, "Valid-NextTime/msae": 0.5349710016967871, "Valid-pred_label/AUROC": 0.7747010698552549, "Valid-pred_label/AUPRC": 0.4000548908233772, "Valid-pred_label/f1-binary": 0.43668122270742354, "Valid-pred_label/loss": 0.0, "Valid-pred_label/recall-binary": 0.5617977528089888, "Valid-pred_label/precision-binary": 0.35714285714285715, "Valid-pred_label/ACC": 0.7914870689655172, "_runtime": 446.8260691165924, "_step": 23, "Train-NextTime/RMSE": 0.9315148716985754, "Train-NextTime/rmse_norm": 0.24686508968680979, "Train-NextTime/msae": 0.5353162820392454, "Train-pred_label/AUROC": 0.9385636435338979, "Train-pred_label/AUPRC": 0.9242167025543324, "Train-pred_label/f1-binary": 0.8776667566837698, "Train-pred_label/loss": 0.0, "Train-pred_label/recall-binary": 0.8807588075880759, "Train-pred_label/precision-binary": 0.8745963401506996, "Train-pred_label/ACC": 0.880031779661017, "Test-NextTime/RMSE": 0.9353038217038185, "Test-NextTime/rmse_norm": 0.24447141042022122, "Test-NextTime/msae": 0.5300726077452727, "Test-pred_label/AUROC": 0.7765497629504923, "Test-pred_label/AUPRC": 0.36247941286261914, "Test-pred_label/f1-binary": 0.41437125748502995, "Test-pred_label/loss": 0.0, "Test-pred_label/recall-binary": 0.5103244837758112, "Test-pred_label/precision-binary": 0.3487903225806452, "Test-pred_label/ACC": 0.7934966216216216, "time-Time/train_epoch": 0.08407928148905436, "time-Time/valid_epoch": 0.03487492005030314, "Obj": 0.41437125748502995, "max_obj_val": 0.4477611940298507, "status": "completed", "_wandb": {"runtime": 446}}