{"Valid-NextTime/RMSE": 0.9403573212674688, "_timestamp": 1672676239.8501134, "Valid-NextTime/rmse_norm": 0.2761394465689794, "Valid-NextTime/msae": 0.5581584709159728, "Valid-pred_label/AUROC": 0.8154116668198734, "Valid-pred_label/AUPRC": 0.4753328849869089, "Valid-pred_label/f1-binary": 0.4803625377643504, "Valid-pred_label/loss": 0.0, "Valid-pred_label/recall-binary": 0.5955056179775281, "Valid-pred_label/precision-binary": 0.40253164556962023, "Valid-pred_label/ACC": 0.8146551724137931, "_runtime": 509.7366154193878, "_step": 33, "Train-NextTime/RMSE": 0.922353114602073, "Train-NextTime/rmse_norm": 0.28077060677362875, "Train-NextTime/msae": 0.5582790235189939, "Train-pred_label/AUROC": 0.9125427859896768, "Train-pred_label/AUPRC": 0.8990904667355742, "Train-pred_label/f1-binary": 0.8032511210762331, "Train-pred_label/loss": 0.0, "Train-pred_label/recall-binary": 0.7594064652888183, "Train-pred_label/precision-binary": 0.8524687685901249, "Train-pred_label/ACC": 0.8140889830508474, "Test-NextTime/RMSE": 0.9458971565762478, "Test-NextTime/rmse_norm": 0.27263856398113395, "Test-NextTime/msae": 0.5542401790362395, "Test-pred_label/AUROC": 0.8184379593243107, "Test-pred_label/AUPRC": 0.45496824460927376, "Test-pred_label/f1-binary": 0.4632352941176471, "Test-pred_label/loss": 0.0, "Test-pred_label/recall-binary": 0.5575221238938053, "Test-pred_label/precision-binary": 0.39622641509433965, "Test-pred_label/ACC": 0.8150337837837838, "time-Time/train_epoch": 0.10464956760406494, "time-Time/valid_epoch": 0.03486293156941732, "Obj": 0.4632352941176471, "max_obj_val": 0.5, "status": "completed", "_wandb": {"runtime": 509}}