{"Valid-NextTime/RMSE": 0.9378082131177258, "_timestamp": 1672686802.8510547, "Valid-NextTime/rmse_norm": 0.2733744840315401, "Valid-NextTime/msae": 0.549774429424002, "Valid-pred_label/AUROC": 0.7609756097560976, "Valid-pred_label/AUPRC": 0.3955241526745872, "Valid-pred_label/f1-binary": 0.42644628099173554, "Valid-pred_label/loss": 0.0, "Valid-pred_label/recall-binary": 0.4742647058823529, "Valid-pred_label/precision-binary": 0.38738738738738737, "Valid-pred_label/ACC": 0.8185146443514645, "_runtime": 425.9072997570038, "_step": 20, "Train-NextTime/RMSE": 0.9166054223488538, "Train-NextTime/rmse_norm": 0.26197320635596544, "Train-NextTime/msae": 0.5367918686351758, "Train-pred_label/AUROC": 0.9708785604615101, "Train-pred_label/AUPRC": 0.9675904415414571, "Train-pred_label/f1-binary": 0.9149713093375066, "Train-pred_label/loss": 0.0, "Train-pred_label/recall-binary": 0.9069286452947259, "Train-pred_label/precision-binary": 0.9231578947368421, "Train-pred_label/ACC": 0.9149269311064718, "Test-NextTime/RMSE": 0.9422378340756049, "Test-NextTime/rmse_norm": 0.2687535439625185, "Test-NextTime/msae": 0.5452245764753191, "Test-pred_label/AUROC": 0.7746485994539386, "Test-pred_label/AUPRC": 0.3899030157466797, "Test-pred_label/f1-binary": 0.4572192513368984, "Test-pred_label/loss": 0.0, "Test-pred_label/recall-binary": 0.501466275659824, "Test-pred_label/precision-binary": 0.4201474201474201, "Test-pred_label/ACC": 0.8308333333333333, "time-Time/train_epoch": 0.14580189784367878, "time-Time/valid_epoch": 0.03527963956197103, "Obj": 0.4572192513368984, "max_obj_val": 0.4867132867132867, "status": "completed", "_wandb": {"runtime": 425}}