{"Valid-NextTime/RMSE": 0.9293828064419092, "_timestamp": 1672684185.0598648, "Valid-NextTime/rmse_norm": 0.24710656643421414, "Valid-NextTime/msae": 0.5336388164320838, "Valid-pred_label/AUROC": 0.8159097022955524, "Valid-pred_label/AUPRC": 0.48834290235614086, "Valid-pred_label/f1-binary": 0.5207296849087895, "Valid-pred_label/loss": 0.0, "Valid-pred_label/recall-binary": 0.5772058823529411, "Valid-pred_label/precision-binary": 0.4743202416918429, "Valid-pred_label/ACC": 0.8488493723849372, "_runtime": 434.2828366756439, "_step": 19, "Train-NextTime/RMSE": 0.9052597526050935, "Train-NextTime/rmse_norm": 0.2522298805105247, "Train-NextTime/msae": 0.5314480326195063, "Train-pred_label/AUROC": 0.9514926422313128, "Train-pred_label/AUPRC": 0.934022862395813, "Train-pred_label/f1-binary": 0.8624429223744292, "Train-pred_label/loss": 0.0, "Train-pred_label/recall-binary": 0.8270388615216201, "Train-pred_label/precision-binary": 0.9010137149672034, "Train-pred_label/ACC": 0.8742171189979123, "Test-NextTime/RMSE": 0.9348012888628779, "Test-NextTime/rmse_norm": 0.24464632604125927, "Test-NextTime/msae": 0.5312414215713455, "Test-pred_label/AUROC": 0.8064003395435817, "Test-pred_label/AUPRC": 0.4309372218836178, "Test-pred_label/f1-binary": 0.4529331514324693, "Test-pred_label/loss": 0.0, "Test-pred_label/recall-binary": 0.4868035190615836, "Test-pred_label/precision-binary": 0.42346938775510207, "Test-pred_label/ACC": 0.8329166666666666, "time-Time/train_epoch": 0.19273575146993002, "time-Time/valid_epoch": 0.04492342472076416, "Obj": 0.4529331514324693, "max_obj_val": 0.5000000000000001, "status": "completed", "_wandb": {"runtime": 433}}