{"Valid-NextTime/RMSE": 0.9365201175574912, "_timestamp": 1672675503.6848912, "Valid-NextTime/rmse_norm": 0.2711759434486533, "Valid-NextTime/msae": 0.5515495749080882, "Valid-pred_label/AUROC": 0.7944435409168369, "Valid-pred_label/AUPRC": 0.46502266465426484, "Valid-pred_label/f1-binary": 0.4692737430167598, "Valid-pred_label/loss": 0.0, "Valid-pred_label/recall-binary": 0.6292134831460674, "Valid-pred_label/precision-binary": 0.3741648106904232, "Valid-pred_label/ACC": 0.7952586206896551, "_runtime": 382.0645501613617, "_step": 28, "Train-NextTime/RMSE": 0.9178575360593076, "Train-NextTime/rmse_norm": 0.2798943613306009, "Train-NextTime/msae": 0.5570816838739355, "Train-pred_label/AUROC": 0.9236918292447689, "Train-pred_label/AUPRC": 0.9030761276605539, "Train-pred_label/f1-binary": 0.8380689655172413, "Train-pred_label/loss": 0.0, "Train-pred_label/recall-binary": 0.828696126568467, "Train-pred_label/precision-binary": 0.84765625, "Train-pred_label/ACC": 0.8445444915254238, "Test-NextTime/RMSE": 0.9425007783043208, "Test-NextTime/rmse_norm": 0.2670627679543614, "Test-NextTime/msae": 0.5470322746945813, "Test-pred_label/AUROC": 0.797400815025784, "Test-pred_label/AUPRC": 0.4063402769303216, "Test-pred_label/f1-binary": 0.45707656612529, "Test-pred_label/loss": 0.0, "Test-pred_label/recall-binary": 0.5811209439528023, "Test-pred_label/precision-binary": 0.37667304015296366, "Test-pred_label/ACC": 0.8023648648648649, "time-Time/train_epoch": 0.06491590738296509, "time-Time/valid_epoch": 0.02364481290181478, "Obj": 0.45707656612529, "max_obj_val": 0.48060075093867327, "status": "completed", "_wandb": {"runtime": 381}}