{"NextTime/RMSE": 1.014111048093965, "NextTime/rmse_norm": 0.292845996498517, "NextTime/msae": 0.5826357150776864, "pred_label/AUROC": 0.7146300156331422, "pred_label/AUPRC": 0.340700040984984, "pred_label/f1-binary": 0.0, "pred_label/loss": 0.0, "pred_label/recall-binary": 0.0, "pred_label/precision-binary": 0.0, "pred_label/ACC": 0.8416666666666667, "_timestamp": 1672329587.9306474, "_runtime": 105.97776746749878, "_step": 10, "Time/train_epoch": 0.16728087266286215, "Time/eval_epoch": 0.021130510171254478, "Obj": 0, "final accuracy": 0, "status": "completed", "_wandb": {"runtime": 105}}