{"Test-NextTime/RMSE": 12.314858135899767, "Test-NextTime/rmse_norm": 22.061944281811463, "Test-NextTime/msae": 2.991050255785241, "Test-NextType(ML)/auc-ovo-weighted": 0.6143278223519608, "Test-NextType(ML)/auc-PR-weighted": 0.10394924299601185, "Test-NextType(ML)/f1-weighted": 0.1245425297584027, "Test-NextType(ML)/precision-weighted": 0.07754108012491365, "Test-NextType(ML)/recall-weighted": 0.4953709555106168, "_timestamp": 1676655079.122318, "_runtime": 80.02666091918945, "_step": 10, "max_obj_val": 0.1245425297584027, "status": "completed", "Train-NLL/#events": -1.0, "Train-acc": 1.0, "Train-RMSE": 1.0, "Train-loss/event_decoder": 0, "Train-loss/pred_next_time": 5857084.78125, "Train-loss/pred_next_type": 5325853.078125, "Train-loss/pred_label": 0, "Train-NextTime/RMSE": 11.359723309251251, "Train-NextTime/rmse_norm": 20.25161758491267, "Train-NextTime/msae": 2.7976989072269256, "Train-NextType(ML)/auc-ovo-weighted": 0.6343173042095255, "Train-NextType(ML)/auc-PR-weighted": 0.11104553597056184, "Train-NextType(ML)/f1-weighted": 0.13333048501834768, "Train-NextType(ML)/precision-weighted": 0.0828029578871397, "Train-NextType(ML)/recall-weighted": 0.5223625080248234, "Valid-NextTime/RMSE": 11.985378953717714, "Valid-NextTime/rmse_norm": 22.957531888283196, "Valid-NextTime/msae": 2.93315368704256, "Valid-NextType(ML)/auc-ovo-weighted": 0.600429368812487, "Valid-NextType(ML)/auc-PR-weighted": 0.11050026871928427, "Valid-NextType(ML)/f1-weighted": 0.11647559771336675, "Valid-NextType(ML)/precision-weighted": 0.07284498795804445, "Valid-NextType(ML)/recall-weighted": 0.4649113696163966, "time-Time/train_epoch": 0.043262577056884764, "time-Time/valid_epoch": 0.1534624973932902, "Obj": 0.1245425297584027, "Best-Test-NextType(ML)/auc-ovo-weighted": 0.6143278223519608, "Best-Test-NextType(ML)/f1-weighted": 0.1245425297584027, "Best-Valid-NextType(ML)/auc-ovo-weighted": 0.600429368812487, "Best-Valid-NextType(ML)/f1-weighted": 0.11647559771336675, "_wandb": {"runtime": 90}}