{"NextTime/RMSE": 2.465591500574684, "NextTime/rmse_norm": 0.8117073491740465, "NextTime/msae": 1.5600325958700323, "pred_label/AUROC": 0.914223289077091, "pred_label/AUPRC": 0.736029553115708, "pred_label/f1-binary": 0.6944757609921082, "pred_label/loss": 0.0, "pred_label/recall-binary": 0.6260162601626016, "pred_label/precision-binary": 0.779746835443038, "pred_label/ACC": 0.9530166435506241, "_timestamp": 1671619322.426956, "_runtime": 1123.0673959255219, "_step": 30, "NLL/#events": -1.0, "acc": 1.0, "RMSE": 1.0, "_wandb": {"runtime": 1123}}