{"Valid-NextTime/RMSE": 0.9194182327463948, "_timestamp": 1672686252.897057, "Valid-NextTime/rmse_norm": 0.24894323900216775, "Valid-NextTime/msae": 0.5384616415436695, "Valid-pred_label/AUROC": 0.8061222202295553, "Valid-pred_label/AUPRC": 0.45937091934071, "Valid-pred_label/f1-binary": 0.459214501510574, "Valid-pred_label/loss": 0.0, "Valid-pred_label/recall-binary": 0.5588235294117647, "Valid-pred_label/precision-binary": 0.38974358974358975, "Valid-pred_label/ACC": 0.8127615062761506, "_runtime": 591.1009681224823, "_step": 19, "Train-NextTime/RMSE": 0.8959302733177786, "Train-NextTime/rmse_norm": 0.24947083092850664, "Train-NextTime/msae": 0.5361414014933086, "Train-pred_label/AUROC": 0.9547312553227729, "Train-pred_label/AUPRC": 0.9406268676509915, "Train-pred_label/f1-binary": 0.8828125, "Train-pred_label/loss": 0.0, "Train-pred_label/recall-binary": 0.8661216147164027, "Train-pred_label/precision-binary": 0.9001593202336696, "Train-pred_label/ACC": 0.8825678496868476, "Test-NextTime/RMSE": 0.9254979559661747, "Test-NextTime/rmse_norm": 0.24691675066147417, "Test-NextTime/msae": 0.5374460169508223, "Test-pred_label/AUROC": 0.778420039907765, "Test-pred_label/AUPRC": 0.3913484588418127, "Test-pred_label/f1-binary": 0.44963144963144963, "Test-pred_label/loss": 0.0, "Test-pred_label/recall-binary": 0.5366568914956011, "Test-pred_label/precision-binary": 0.386892177589852, "Test-pred_label/ACC": 0.8133333333333334, "time-Time/train_epoch": 0.19251041809717814, "time-Time/valid_epoch": 0.04222668806711833, "Obj": 0.44963144963144963, "max_obj_val": 0.47643312101910823, "status": "completed", "_wandb": {"runtime": 590}}