{"Valid-NextTime/RMSE": 0.9380770661116397, "_timestamp": 1672676037.4281006, "Valid-NextTime/rmse_norm": 0.2773985311564496, "Valid-NextTime/msae": 0.5579794426384115, "Valid-pred_label/AUROC": 0.8285191025378125, "Valid-pred_label/AUPRC": 0.4917910666553288, "Valid-pred_label/f1-binary": 0.5, "Valid-pred_label/loss": 0.0, "Valid-pred_label/recall-binary": 0.602996254681648, "Valid-pred_label/precision-binary": 0.4270557029177719, "Valid-pred_label/ACC": 0.8265086206896551, "_runtime": 417.77341747283936, "_step": 33, "Train-NextTime/RMSE": 0.9180138989406326, "Train-NextTime/rmse_norm": 0.28035883686173446, "Train-NextTime/msae": 0.556071308589529, "Train-pred_label/AUROC": 0.8929440215233855, "Train-pred_label/AUPRC": 0.8800112289890487, "Train-pred_label/f1-binary": 0.7689674843126071, "Train-pred_label/loss": 0.0, "Train-pred_label/recall-binary": 0.7113456464379947, "Train-pred_label/precision-binary": 0.8367473618870267, "Train-pred_label/ACC": 0.7854872881355932, "Test-NextTime/RMSE": 0.9440944967571248, "Test-NextTime/rmse_norm": 0.27301825430709714, "Test-NextTime/msae": 0.552671433521125, "Test-pred_label/AUROC": 0.835564259243913, "Test-pred_label/AUPRC": 0.4562959167739335, "Test-pred_label/f1-binary": 0.48232323232323226, "Test-pred_label/loss": 0.0, "Test-pred_label/recall-binary": 0.5634218289085545, "Test-pred_label/precision-binary": 0.4216335540838852, "Test-pred_label/ACC": 0.8268581081081081, "time-Time/train_epoch": 0.11588924725850423, "time-Time/valid_epoch": 0.04451911449432373, "Obj": 0.48232323232323226, "max_obj_val": 0.49582172701949856, "status": "completed", "_wandb": {"runtime": 417}}