{"NextTime/RMSE": 4.020624503906134, "NextTime/rmse_norm": 1.2346472790899174, "NextTime/msae": 3.1900668090275395, "pred_label/AUROC": 0.44341641142263977, "pred_label/AUPRC": 0.06521952604384872, "pred_label/f1-binary": 0.1397913919194341, "pred_label/loss": 0.0, "pred_label/recall-binary": 0.966832504145937, "pred_label/precision-binary": 0.07534246575342465, "pred_label/ACC": 0.09039046653144016, "_timestamp": 1672398368.1632352, "_runtime": 17.423352241516113, "_step": 0}