{"NextTime/RMSE": 2.475984884500544, "NextTime/rmse_norm": 0.8345038145222833, "NextTime/msae": 1.5763792893806525, "pred_label/AUROC": 0.9279722720464506, "pred_label/AUPRC": 0.7611287229488453, "pred_label/f1-binary": 0.6761421319796955, "pred_label/loss": 0.0, "pred_label/recall-binary": 0.676829268292683, "pred_label/precision-binary": 0.6754563894523327, "pred_label/ACC": 0.9446948682385575, "i_epoch": 11, "_timestamp": 1671617433.8363972, "_runtime": 831.7485361099243, "_step": 22, "NLL/#events": -1.0, "acc": 1.0, "RMSE": 1.0}