{"NextTime/RMSE": 4.064248887324923, "NextTime/rmse_norm": 1.2754785178587034, "NextTime/msae": 3.251291228202545, "pred_label/AUROC": 0.2402000521301067, "pred_label/AUPRC": 0.04808101632397862, "pred_label/f1-binary": 0.1420327405488164, "pred_label/loss": 0.0, "pred_label/recall-binary": 1.0, "pred_label/precision-binary": 0.07644523326572009, "pred_label/ACC": 0.07644523326572009, "_timestamp": 1672406245.3821282, "_runtime": 17.223551273345947, "_step": 0}