{"Valid-CIF/NLL-#events": -0.7618543182628389, "_timestamp": 1672753651.1513355, "Valid-CIF/NLL": -72661.09375, "Valid-CIF/#events": 95374.0, "Valid-NextTime/RMSE": 0.882669052770566, "Valid-NextTime/rmse_norm": 0.2838502185260561, "Valid-NextTime/msae": 0.5390438528043114, "Valid-NextType(ML)/auc-ovo-weighted": 0.7637472301749254, "Valid-NextType(ML)/auc-PR-weighted": 0.4628185892601171, "Valid-NextType(ML)/f1-weighted": 0.425294222830472, "Valid-NextType(ML)/precision-weighted": 0.38029606707517066, "Valid-NextType(ML)/recall-weighted": 0.7496407281933687, "Valid-pred_label/AUROC": 0.755290530846485, "Valid-pred_label/AUPRC": 0.3389972612264685, "Valid-pred_label/f1-binary": 0.35207823960880197, "Valid-pred_label/loss": 0.0, "Valid-pred_label/recall-binary": 0.7941176470588235, "Valid-pred_label/precision-binary": 0.2261780104712042, "Valid-pred_label/ACC": 0.5842050209205021, "_runtime": 224.58455157279968, "_step": 1, "Train-CIF/NLL-#events": -0.768718085422053, "Train-CIF/NLL": -297922.84375, "Train-CIF/#events": 387558.0, "Train-NextTime/RMSE": 0.8764333441956285, "Train-NextTime/rmse_norm": 0.2793613326268918, "Train-NextTime/msae": 0.53710121838001, "Train-NextType(ML)/auc-ovo-weighted": 0.7615221579495267, "Train-NextType(ML)/auc-PR-weighted": 0.4482438882440491, "Train-NextType(ML)/f1-weighted": 0.4085248668440163, "Train-NextType(ML)/precision-weighted": 0.36586825552889296, "Train-NextType(ML)/recall-weighted": 0.7506738762205268, "Train-pred_label/AUROC": 0.7564627543132869, "Train-pred_label/AUPRC": 0.7198040766608466, "Train-pred_label/f1-binary": 0.7205983889528192, "Train-pred_label/loss": 0.0, "Train-pred_label/recall-binary": 0.8194190002617115, "Train-pred_label/precision-binary": 0.643047853768741, "Train-pred_label/ACC": 0.6831941544885177, "Test-CIF/NLL-#events": -0.7799257157481163, "Test-CIF/NLL": -94092.578125, "Test-CIF/#events": 120643.0, "Test-NextTime/RMSE": 0.8866792669987463, "Test-NextTime/rmse_norm": 0.28247911549020177, "Test-NextTime/msae": 0.5360441281796826, "Test-NextType(ML)/auc-ovo-weighted": 0.763541576976474, "Test-NextType(ML)/auc-PR-weighted": 0.4614032873406356, "Test-NextType(ML)/f1-weighted": 0.42770057807756684, "Test-NextType(ML)/precision-weighted": 0.38324032891820464, "Test-NextType(ML)/recall-weighted": 0.7498977158608605, "Test-pred_label/AUROC": 0.7517265591730178, "Test-pred_label/AUPRC": 0.2991630905449016, "Test-pred_label/f1-binary": 0.3674267100977199, "Test-pred_label/loss": 0.0, "Test-pred_label/recall-binary": 0.8269794721407625, "Test-pred_label/precision-binary": 0.23618090452261306, "Test-pred_label/ACC": 0.5954166666666667, "time-Time/train_epoch": 1.8421062231063843, "time-Time/valid_epoch": 0.2176586111386617, "Obj": 0.3674267100977199, "Best-Test-pred_label/f1-binary": 0.3674267100977199, "Best-Test-pred_label/AUPRC": 0.2991630905449016, "Best-Test-pred_label/AUROC": 0.7517265591730178, "Best-Valid-pred_label/f1-binary": 0.35207823960880197, "Best-Valid-pred_label/AUPRC": 0.3389972612264685, "Best-Valid-pred_label/AUROC": 0.755290530846485}