{"Valid-NextTime/RMSE": 0.9376409872026606, "_timestamp": 1672681830.8059556, "Valid-NextTime/rmse_norm": 0.23677094300940668, "Valid-NextTime/msae": 0.5254018471718639, "Valid-pred_label/AUROC": 0.7023968623236058, "Valid-pred_label/AUPRC": 0.3085444611403577, "Valid-pred_label/f1-binary": 0.33830845771144274, "Valid-pred_label/loss": 0.0, "Valid-pred_label/recall-binary": 0.38202247191011235, "Valid-pred_label/precision-binary": 0.30357142857142855, "Valid-pred_label/ACC": 0.7850215517241379, "_runtime": 802.7906556129456, "_step": 32, "Train-NextTime/RMSE": 0.9254711315731295, "Train-NextTime/rmse_norm": 0.23737439774524868, "Train-NextTime/msae": 0.5251045666190525, "Train-pred_label/AUROC": 0.7744509751603664, "Train-pred_label/AUPRC": 0.7362619269651153, "Train-pred_label/f1-binary": 0.5850295469468155, "Train-pred_label/loss": 0.0, "Train-pred_label/recall-binary": 0.4767255216693419, "Train-pred_label/precision-binary": 0.7570093457943925, "Train-pred_label/ACC": 0.6652542372881356, "Test-NextTime/RMSE": 0.9448135829408948, "Test-NextTime/rmse_norm": 0.23501604802005313, "Test-NextTime/msae": 0.5228185617776248, "Test-pred_label/AUROC": 0.686825688286803, "Test-pred_label/AUPRC": 0.2564869622959862, "Test-pred_label/f1-binary": 0.2887417218543046, "Test-pred_label/loss": 0.0, "Test-pred_label/recall-binary": 0.3215339233038348, "Test-pred_label/precision-binary": 0.2620192307692308, "Test-pred_label/ACC": 0.7732263513513513, "time-Time/train_epoch": 0.13811119397481283, "time-Time/valid_epoch": 0.04961004654566447, "Obj": 0.2887417218543046, "max_obj_val": 0.311787072243346, "status": "completed", "_wandb": {"runtime": 801}}