{"Valid-CIF/NLL-#events": 0.9936365587904976, "_timestamp": 1672689691.849556, "Valid-CIF/NLL": 197297.46875, "Valid-CIF/#events": 198561.0, "Valid-NextTime/RMSE": 1.3423554800328232, "Valid-NextTime/rmse_norm": 0.8753347642669164, "Valid-NextTime/msae": 0.9756476950167196, "Valid-NextType(ML)/auc-ovo-weighted": 0.48990535790214146, "Valid-NextType(ML)/auc-PR-weighted": 0.2806150041318377, "Valid-NextType(ML)/f1-weighted": 0.3493387887745385, "Valid-NextType(ML)/precision-weighted": 0.28705899741495755, "Valid-NextType(ML)/recall-weighted": 0.6832841568313662, "Valid-pred_label/AUROC": 0.503308673194203, "Valid-pred_label/AUPRC": 0.14721256840809588, "Valid-pred_label/f1-binary": 0.0, "Valid-pred_label/loss": 0.0, "Valid-pred_label/recall-binary": 0.0, "Valid-pred_label/precision-binary": 0.0, "Valid-pred_label/ACC": 0.8534569138276553, "_runtime": 12.996511936187744, "_step": 0}