{"NextTime/RMSE": 0.9407146120445082, "NextTime/rmse_norm": 0.2563258343923588, "NextTime/msae": 0.5400570534853882, "pred_label/AUROC": 0.8254526654313585, "pred_label/AUPRC": 0.4573151025855613, "pred_label/f1-binary": 0.3977485928705441, "pred_label/loss": 0.0, "pred_label/recall-binary": 0.31085043988269795, "pred_label/precision-binary": 0.5520833333333334, "pred_label/ACC": 0.86625, "_timestamp": 1672337268.4673903, "_runtime": 1629.2047312259674, "_step": 21, "Time/train_epoch": 1.2312666575113933, "Time/eval_epoch": 0.2508142312367757, "Obj": 0.3977485928705441}