{"Valid-NextTime/RMSE": 0.943863588354912, "_timestamp": 1672745307.9336588, "Valid-NextTime/rmse_norm": 0.26975860368470905, "Valid-NextTime/msae": 0.5507056870443412, "Valid-pred_label/AUROC": 0.6714199246771879, "Valid-pred_label/AUPRC": 0.24649409003081646, "Valid-pred_label/f1-binary": 0.01444043321299639, "Valid-pred_label/loss": 0.0, "Valid-pred_label/recall-binary": 0.007352941176470588, "Valid-pred_label/precision-binary": 0.4, "Valid-pred_label/ACC": 0.8572175732217573, "_runtime": 176.53429293632507, "_step": 60, "Train-NextTime/RMSE": 0.9583234912137129, "Train-NextTime/rmse_norm": 0.26773144718543546, "Train-NextTime/msae": 0.552057757856267, "Train-pred_label/AUROC": 0.7134116759666401, "Train-pred_label/AUPRC": 0.6529363604000022, "Train-pred_label/f1-binary": 0.005326231691078561, "Train-pred_label/loss": 0.0, "Train-pred_label/recall-binary": 0.0026845637583892616, "Train-pred_label/precision-binary": 0.3333333333333333, "Train-pred_label/ACC": 0.5111256544502618, "Test-NextTime/RMSE": 0.9483892414658895, "Test-NextTime/rmse_norm": 0.26956162713184173, "Test-NextTime/msae": 0.5487192445353767, "Test-pred_label/AUROC": 0.657456926817249, "Test-pred_label/AUPRC": 0.2278533077553421, "Test-pred_label/f1-binary": 0.0058309037900874635, "Test-pred_label/loss": 0.0, "Test-pred_label/recall-binary": 0.002932551319648094, "Test-pred_label/precision-binary": 0.5, "Test-pred_label/ACC": 0.8579166666666667, "time-Time/train_epoch": 0.08596155643463135, "time-Time/valid_epoch": 0.06881635983784994, "Obj": 0.0058309037900874635, "Best-Test-pred_label/f1-binary": 0.39999999999999997, "Best-Test-pred_label/AUPRC": 0.3274256287432333, "Best-Test-pred_label/AUROC": 0.7462581129409687, "Best-Valid-pred_label/f1-binary": 0.4067796610169491, "Best-Valid-pred_label/AUPRC": 0.3543672398528303, "Best-Valid-pred_label/AUROC": 0.7605205344332855, "max_obj_val": 0.40744570837642197, "status": "completed", "_wandb": {"runtime": 175}}