{"Valid-NextTime/RMSE": 0.9360375394147835, "_timestamp": 1672750784.6144185, "Valid-NextTime/rmse_norm": 0.23419477656694315, "Valid-NextTime/msae": 0.519308061851914, "Valid-pred_label/AUROC": 0.7558173421807748, "Valid-pred_label/AUPRC": 0.3867041383250263, "Valid-pred_label/f1-binary": 0.4130434782608695, "Valid-pred_label/loss": 0.0, "Valid-pred_label/recall-binary": 0.5588235294117647, "Valid-pred_label/precision-binary": 0.3275862068965517, "Valid-pred_label/ACC": 0.7740585774058577, "_runtime": 78.61979341506958, "_step": 4, "Train-NextTime/RMSE": 0.9471485648217157, "Train-NextTime/rmse_norm": 0.23343065914074917, "Train-NextTime/msae": 0.5258968763727798, "Train-pred_label/AUROC": 0.834454220676302, "Train-pred_label/AUPRC": 0.8093509930069508, "Train-pred_label/f1-binary": 0.7083333333333334, "Train-pred_label/loss": 0.0, "Train-pred_label/recall-binary": 0.6529801324503312, "Train-pred_label/precision-binary": 0.7739403453689168, "Train-pred_label/ACC": 0.7342931937172775, "Test-NextTime/RMSE": 0.9429259523362739, "Test-NextTime/rmse_norm": 0.23041256106954525, "Test-NextTime/msae": 0.5158031409205518, "Test-pred_label/AUROC": 0.7022940555660792, "Test-pred_label/AUPRC": 0.2785855302949685, "Test-pred_label/f1-binary": 0.3534777651083238, "Test-pred_label/loss": 0.0, "Test-pred_label/recall-binary": 0.45454545454545453, "Test-pred_label/precision-binary": 0.2891791044776119, "Test-pred_label/ACC": 0.76375, "time-Time/train_epoch": 0.10438232819239299, "time-Time/valid_epoch": 0.07467331488927205, "Obj": 0.3534777651083238, "Best-Test-pred_label/f1-binary": 0.3534777651083238, "Best-Test-pred_label/AUPRC": 0.2785855302949685, "Best-Test-pred_label/AUROC": 0.7022940555660792, "Best-Valid-pred_label/f1-binary": 0.4130434782608695, "Best-Valid-pred_label/AUPRC": 0.3867041383250263, "Best-Valid-pred_label/AUROC": 0.7558173421807748}