{"Valid-CIF/NLL-#events": 1.4552146692286267, "_timestamp": 1672823510.2516706, "Valid-CIF/NLL": 193312.171875, "Valid-CIF/#events": 132841.0, "Valid-NextTime/RMSE": 2.323808776896206, "Valid-NextTime/rmse_norm": 0.6483133937281342, "Valid-NextTime/msae": 1.495220296692914, "Valid-NextType(ML)/auc-ovo-weighted": 0.6697601435650593, "Valid-NextType(ML)/auc-PR-weighted": 0.5368962032275385, "Valid-NextType(ML)/f1-weighted": 0.32945837487610197, "Valid-NextType(ML)/precision-weighted": 0.5179191135497802, "Valid-NextType(ML)/recall-weighted": 0.39774559350586214, "Valid-pred_label/AUROC": 0.8705500181544804, "Valid-pred_label/AUPRC": 0.5811351617475516, "Valid-pred_label/f1-binary": 0.5289993626513703, "Valid-pred_label/loss": 0.0, "Valid-pred_label/recall-binary": 0.6882255389718076, "Valid-pred_label/precision-binary": 0.42960662525879917, "Valid-pred_label/ACC": 0.9063133874239351, "_runtime": 1422.8234105110168, "_step": 7, "Train-CIF/NLL-#events": 1.0152508427743414, "Train-CIF/NLL": 297248.1875, "Train-CIF/#events": 292783.0, "Train-NextTime/RMSE": 2.139453320595125, "Train-NextTime/rmse_norm": 0.8176647634014214, "Train-NextTime/msae": 1.2609684081695203, "Train-NextType(ML)/auc-ovo-weighted": 0.8192086429341787, "Train-NextType(ML)/auc-PR-weighted": 0.6426173451162739, "Train-NextType(ML)/f1-weighted": 0.575717276378324, "Train-NextType(ML)/precision-weighted": 0.49271354830625896, "Train-NextType(ML)/recall-weighted": 0.7588397839219816, "Train-pred_label/AUROC": 0.9187720389779694, "Train-pred_label/AUPRC": 0.9193644702544514, "Train-pred_label/f1-binary": 0.8183971575207265, "Train-pred_label/loss": 0.0, "Train-pred_label/recall-binary": 0.7758233532934131, "Train-pred_label/precision-binary": 0.8659147869674185, "Train-pred_label/ACC": 0.8379140239605356, "Test-CIF/NLL-#events": 1.4543919046077642, "Test-CIF/NLL": 193202.875, "Test-CIF/#events": 132841.0, "Test-NextTime/RMSE": 2.323808776896206, "Test-NextTime/rmse_norm": 0.6483133937281342, "Test-NextTime/msae": 1.495220296692914, "Test-NextType(ML)/auc-ovo-weighted": 0.6697601435650593, "Test-NextType(ML)/auc-PR-weighted": 0.5368962032275385, "Test-NextType(ML)/f1-weighted": 0.32945837487610197, "Test-NextType(ML)/precision-weighted": 0.5179191135497802, "Test-NextType(ML)/recall-weighted": 0.39774559350586214, "Test-pred_label/AUROC": 0.8705500181544804, "Test-pred_label/AUPRC": 0.5811351617475516, "Test-pred_label/f1-binary": 0.5289993626513703, "Test-pred_label/loss": 0.0, "Test-pred_label/recall-binary": 0.6882255389718076, "Test-pred_label/precision-binary": 0.42960662525879917, "Test-pred_label/ACC": 0.9063133874239351, "time-Time/train_epoch": 1.5746201435724894, "time-Time/valid_epoch": 0.4292629599571228, "Obj": 0.5289993626513703, "Best-Test-pred_label/f1-binary": 0.5878787878787878, "Best-Test-pred_label/AUPRC": 0.5845906189275215, "Best-Test-pred_label/AUROC": 0.8794975021939034, "Best-Valid-pred_label/f1-binary": 0.5878787878787878, "Best-Valid-pred_label/AUPRC": 0.5845906189275215, "Best-Valid-pred_label/AUROC": 0.8794975021939034}