{"NextTime/RMSE": 3.1998136090694302, "NextTime/rmse_norm": 0.7441134304968566, "NextTime/msae": 2.1451805107222435, "pred_label/AUROC": 0.3680143096004762, "pred_label/AUPRC": 0.056545940737617394, "pred_label/f1-binary": 0.12164477441462022, "pred_label/loss": 0.0, "pred_label/recall-binary": 0.7064676616915423, "pred_label/precision-binary": 0.06655210123418216, "pred_label/ACC": 0.22008113590263692, "_timestamp": 1672398034.7114902, "_runtime": 17.591511249542236, "_step": 0}