{"CIF/NLL-#events": 1.3905739756478326, "CIF/NLL": 184384.546875, "CIF/#events": 132596.0, "NextTime/RMSE": 2.262258875537577, "NextTime/rmse_norm": 0.8297376753418123, "NextTime/msae": 1.49530567030061, "NextType(ML)/auc-ovo-weighted": 0.6447067655295091, "NextType(ML)/auc-PR-weighted": 0.44940983538009893, "NextType(ML)/f1-weighted": 0.08959842251497929, "NextType(ML)/precision-weighted": 0.3864940495924179, "NextType(ML)/recall-weighted": 0.060352520690545544, "pred_label/AUROC": 0.8780829148139855, "pred_label/AUPRC": 0.5443614040192805, "pred_label/f1-binary": 0.4911550468262227, "pred_label/loss": 0.0, "pred_label/recall-binary": 0.3920265780730897, "pred_label/precision-binary": 0.6573816155988857, "pred_label/ACC": 0.9378810975609756, "_timestamp": 1672312511.7518651, "_runtime": 557.5177490711212, "_step": 20, "Time/train_epoch": 0.6349154829978942, "Time/eval_epoch": 0.26763888200124103}