{"NextTime/RMSE": 0.9104643323738616, "NextTime/rmse_norm": 0.28927877290117215, "NextTime/msae": 0.5655324061675399, "pred_label/AUROC": 0.8290731343262324, "pred_label/AUPRC": 0.44405191696223534, "pred_label/f1-binary": 0.4137931034482759, "pred_label/loss": 0.0, "pred_label/recall-binary": 0.3519061583577713, "pred_label/precision-binary": 0.502092050209205, "pred_label/ACC": 0.8583333333333333, "_timestamp": 1672326324.4660778, "_runtime": 156.56271076202393, "_step": 2, "Time/train_epoch": 1.043188750743866, "Time/eval_epoch": 0.15168664852778116, "Obj": 0, "final accuracy": 0, "state": "complated", "_wandb": {"runtime": 155}}