{"NextTime/RMSE": 0.9176210134673181, "NextTime/rmse_norm": 0.2872307349704395, "NextTime/msae": 0.5490515428227226, "pred_label/AUROC": 0.7598868567863852, "pred_label/AUPRC": 0.34762885512247454, "pred_label/f1-binary": 0.03977272727272727, "pred_label/loss": 0.0, "pred_label/recall-binary": 0.020527859237536656, "pred_label/precision-binary": 0.6363636363636364, "pred_label/ACC": 0.8591666666666666, "_timestamp": 1672325952.660011, "_runtime": 91.7157130241394, "_step": 2, "Time/train_epoch": 0.6261110385258992, "Time/eval_epoch": 0.08498870134353638, "Obj": 0, "final accuracy": 0, "state": "complated", "_wandb": {"runtime": 91}}