{"Valid-NextTime/RMSE": 1.0616240545450017, "_timestamp": 1672688304.1193311, "Valid-NextTime/rmse_norm": 0.529960081572364, "Valid-NextTime/msae": 0.7339675722212786, "Valid-pred_label/AUROC": 0.6112513450502153, "Valid-pred_label/AUPRC": 0.1836964230824628, "Valid-pred_label/f1-binary": 0.0, "Valid-pred_label/loss": 0.0, "Valid-pred_label/recall-binary": 0.0, "Valid-pred_label/precision-binary": 0.0, "Valid-pred_label/ACC": 0.8577405857740585, "_runtime": 69.63932204246521, "_step": 2, "Train-NextTime/RMSE": 1.056147776492094, "Train-NextTime/rmse_norm": 0.5229579123384255, "Train-NextTime/msae": 0.7206066595991574, "Train-pred_label/AUROC": 0.6218631133617775, "Train-pred_label/AUPRC": 0.6056919607499609, "Train-pred_label/f1-binary": 0.0, "Train-pred_label/loss": 0.0, "Train-pred_label/recall-binary": 0.0, "Train-pred_label/precision-binary": 0.0, "Train-pred_label/ACC": 0.48616910229645094, "Test-NextTime/RMSE": 1.0646853418510656, "Test-NextTime/rmse_norm": 0.5283670983634726, "Test-NextTime/msae": 0.7299924613489914, "Test-pred_label/AUROC": 0.606897121428134, "Test-pred_label/AUPRC": 0.19039167009962726, "Test-pred_label/f1-binary": 0.0, "Test-pred_label/loss": 0.0, "Test-pred_label/recall-binary": 0.0, "Test-pred_label/precision-binary": 0.0, "Test-pred_label/ACC": 0.8579166666666667, "time-Time/train_epoch": 0.2733911673227946, "time-Time/valid_epoch": 0.0670989990234375, "Obj": 0.0}