{"NextTime/RMSE": 0.9472826007246439, "NextTime/rmse_norm": 0.26385453031228695, "NextTime/msae": 0.5521707365071219, "pred_label/AUROC": 0.6222150376218276, "pred_label/AUPRC": 0.20171943578662743, "pred_label/f1-binary": 0.04568527918781726, "pred_label/loss": 0.0, "pred_label/recall-binary": 0.026392961876832845, "pred_label/precision-binary": 0.16981132075471697, "pred_label/ACC": 0.8433333333333334, "_timestamp": 1672335452.499537, "_runtime": 110.0830819606781, "_step": 12, "Time/train_epoch": 0.06948765913645426, "Time/eval_epoch": 0.11303785641988119, "Obj": 0.04568527918781726, "obj_val": 0.04568527918781726, "status": "completed", "_wandb": {"runtime": 109}}