{"Valid-NextTime/RMSE": 0.9334929044427916, "_timestamp": 1672678238.5701597, "Valid-NextTime/rmse_norm": 0.22995708352951763, "Valid-NextTime/msae": 0.5195475389725643, "Valid-pred_label/AUROC": 0.8273146609532295, "Valid-pred_label/AUPRC": 0.4771060259746181, "Valid-pred_label/f1-binary": 0.4776119402985074, "Valid-pred_label/loss": 0.0, "Valid-pred_label/recall-binary": 0.5393258426966292, "Valid-pred_label/precision-binary": 0.42857142857142855, "Valid-pred_label/ACC": 0.8302801724137931, "_runtime": 347.3971436023712, "_step": 22, "Train-NextTime/RMSE": 0.909164415572984, "Train-NextTime/rmse_norm": 0.23724597458161237, "Train-NextTime/msae": 0.5193622771216013, "Train-pred_label/AUROC": 0.8966075623451822, "Train-pred_label/AUPRC": 0.891771557200848, "Train-pred_label/f1-binary": 0.7579505300353359, "Train-pred_label/loss": 0.0, "Train-pred_label/recall-binary": 0.6724137931034483, "Train-pred_label/precision-binary": 0.868421052631579, "Train-pred_label/ACC": 0.7823093220338984, "Test-NextTime/RMSE": 0.9406530792934146, "Test-NextTime/rmse_norm": 0.22699197354232323, "Test-NextTime/msae": 0.5164776002289853, "Test-pred_label/AUROC": 0.8119131007471312, "Test-pred_label/AUPRC": 0.4349958321033848, "Test-pred_label/f1-binary": 0.45241379310344826, "Test-pred_label/loss": 0.0, "Test-pred_label/recall-binary": 0.4837758112094395, "Test-pred_label/precision-binary": 0.42487046632124353, "Test-pred_label/ACC": 0.832347972972973, "time-Time/train_epoch": 0.09815030097961426, "time-Time/valid_epoch": 0.03593627611796061, "Obj": 0.45241379310344826, "max_obj_val": 0.48990578734858686, "status": "completed", "_wandb": {"runtime": 346}}