{"NextTime/RMSE": 0.9078095762617322, "NextTime/rmse_norm": 0.27645588065983034, "NextTime/msae": 0.5525062330653914, "pred_label/AUROC": 0.8068845879402209, "pred_label/AUPRC": 0.4666172810119007, "pred_label/f1-binary": 0.09444444444444444, "pred_label/loss": 0.0, "pred_label/recall-binary": 0.04985337243401759, "pred_label/precision-binary": 0.8947368421052632, "pred_label/ACC": 0.8641666666666666, "_timestamp": 1672325844.0097816, "_runtime": 211.4461545944214, "_step": 2, "Time/train_epoch": 1.619453759988149, "Time/eval_epoch": 0.189855961004893, "Obj": 0, "final accuracy": 0, "state": "complated", "_wandb": {"runtime": 208}}