{"NextTime/RMSE": 2.46625227902723, "NextTime/rmse_norm": 0.7238331524121526, "NextTime/msae": 1.5922880506741341, "pred_label/AUROC": 0.812278078116503, "pred_label/AUPRC": 0.45531900411594695, "pred_label/f1-binary": 0.5852417302798981, "pred_label/loss": 0.0, "pred_label/recall-binary": 0.5730897009966778, "pred_label/precision-binary": 0.5979202772963604, "pred_label/ACC": 0.9378810975609756, "_timestamp": 1672398591.6842496, "_runtime": 36.68014359474182, "_step": 1, "Time/train_epoch": 0.2700777490933736, "Time/eval_epoch": 0.16299954255421956, "Obj": 0.5852417302798981}