{"NextTime/RMSE": 2.4413585973840664, "NextTime/rmse_norm": 0.7694522385528617, "NextTime/msae": 1.5973748865491615, "pred_label/AUROC": 0.9102709968801609, "pred_label/AUPRC": 0.6300395981561412, "pred_label/f1-binary": 0.5832566697332108, "pred_label/loss": 0.0, "pred_label/recall-binary": 0.5257048092868989, "pred_label/precision-binary": 0.6549586776859504, "pred_label/ACC": 0.9425709939148073, "_timestamp": 1672319872.51465, "_runtime": 291.3924980163574, "_step": 1, "Time/train_epoch": 3.4150925715764364, "Time/eval_epoch": 0.558835216363271}