{"NextTime/RMSE": 1.0323443613845018, "NextTime/rmse_norm": 0.4679418304405963, "NextTime/msae": 0.6902951414392648, "pred_label/AUROC": 0.535115842186296, "pred_label/AUPRC": 0.16558607562518585, "pred_label/f1-binary": 0.0, "pred_label/loss": 0.0, "pred_label/recall-binary": 0.0, "pred_label/precision-binary": 0.0, "pred_label/ACC": 0.8579166666666667, "_timestamp": 1672335575.3808572, "_runtime": 12.575368165969849, "_step": 1, "Time/train_epoch": 0.052253890037536624, "Time/eval_epoch": 0.0624858816464742, "Obj": 0.0}