{"Valid-NextTime/RMSE": 0.9315378730121711, "_timestamp": 1672753861.1213002, "Valid-NextTime/rmse_norm": 0.28822319659779055, "Valid-NextTime/msae": 0.5472835982581055, "Valid-pred_label/AUROC": 0.8268001255380201, "Valid-pred_label/AUPRC": 0.46226863296764353, "Valid-pred_label/f1-binary": 0.4666666666666667, "Valid-pred_label/loss": 0.0, "Valid-pred_label/recall-binary": 0.7720588235294118, "Valid-pred_label/precision-binary": 0.3343949044585987, "Valid-pred_label/ACC": 0.7489539748953975, "_runtime": 1579.5543231964111, "_step": 25, "Train-NextTime/RMSE": 0.8998928138497466, "Train-NextTime/rmse_norm": 0.263556880608093, "Train-NextTime/msae": 0.5356649195285187, "Train-pred_label/AUROC": 0.9357534772783307, "Train-pred_label/AUPRC": 0.916436692392242, "Train-pred_label/f1-binary": 0.88775872264932, "Train-pred_label/loss": 0.0, "Train-pred_label/recall-binary": 0.9687661331956634, "Train-pred_label/precision-binary": 0.8192534381139489, "Train-pred_label/ACC": 0.8761743215031316, "Test-NextTime/RMSE": 0.9224766992272214, "Test-NextTime/rmse_norm": 0.2598733116347005, "Test-NextTime/msae": 0.5406751458070554, "Test-pred_label/AUROC": 0.8238517972024685, "Test-pred_label/AUPRC": 0.4911026865777983, "Test-pred_label/f1-binary": 0.4611161939615737, "Test-pred_label/loss": 0.0, "Test-pred_label/recall-binary": 0.7390029325513197, "Test-pred_label/precision-binary": 0.3351063829787234, "Test-pred_label/ACC": 0.7545833333333334, "time-Time/train_epoch": 0.7802549997965494, "time-Time/valid_epoch": 0.08913685878117879, "Obj": 0.4611161939615737, "Best-Test-pred_label/f1-binary": 0.495798319327731, "Best-Test-pred_label/AUPRC": 0.5125918790765663, "Best-Test-pred_label/AUROC": 0.8527578658318603, "Best-Valid-pred_label/f1-binary": 0.5196451204055768, "Best-Valid-pred_label/AUPRC": 0.5403443655484472, "Best-Valid-pred_label/AUROC": 0.8639582586083215}