{"CIF/NLL-#events": 0.8983434643578991, "CIF/NLL": 119116.75, "CIF/#events": 132596.0, "NextTime/RMSE": 2.2796350614756733, "NextTime/rmse_norm": 0.7312039811173275, "NextTime/msae": 1.4636605524068116, "NextType(ML)/auc-ovo-weighted": 0.6915308843133632, "NextType(ML)/auc-PR-weighted": 0.49517466991316617, "NextType(ML)/f1-weighted": 0.32779220784186125, "NextType(ML)/precision-weighted": 0.585563496933865, "NextType(ML)/recall-weighted": 0.31874085516391626, "pred_label/AUROC": 0.8948094842044173, "pred_label/AUPRC": 0.5850387532587275, "pred_label/f1-binary": 0.5835641735918745, "pred_label/loss": 0.0, "pred_label/recall-binary": 0.5249169435215947, "pred_label/precision-binary": 0.656964656964657, "pred_label/ACC": 0.9427083333333334, "_timestamp": 1672314678.3456569, "_runtime": 2074.095543861389, "_step": 80, "Time/train_epoch": 0.5674775799115499, "Time/eval_epoch": 0.2436347484588623, "final accuracy": 0.32779220784186125, "state": "complated", "_wandb": {"runtime": 2073}}