{"Valid-CIF/NLL-#events": -2.394977601337891, "_timestamp": 1672758173.90042, "Valid-CIF/NLL": -228418.59375, "Valid-CIF/#events": 95374.0, "Valid-NextTime/RMSE": 0.8253834267337231, "Valid-NextTime/rmse_norm": 0.31068125508726224, "Valid-NextTime/msae": 0.5202725371844086, "Valid-NextType(ML)/auc-ovo-weighted": 0.8338371345899276, "Valid-NextType(ML)/auc-PR-weighted": 0.6176651574040307, "Valid-NextType(ML)/f1-weighted": 0.5228418698285318, "Valid-NextType(ML)/precision-weighted": 0.4545088394165589, "Valid-NextType(ML)/recall-weighted": 0.8147610129130328, "Valid-pred_label/AUROC": 0.8411047345767576, "Valid-pred_label/AUPRC": 0.4992089473078507, "Valid-pred_label/f1-binary": 0.47380952380952374, "Valid-pred_label/loss": 0.0, "Valid-pred_label/recall-binary": 0.7316176470588235, "Valid-pred_label/precision-binary": 0.3503521126760563, "Valid-pred_label/ACC": 0.7688284518828452, "_runtime": 4102.938940048218, "_step": 31, "Train-CIF/NLL-#events": -2.4572518529653817, "Train-CIF/NLL": -964419.75, "Train-CIF/#events": 392479.0, "Train-NextTime/RMSE": 0.7964775437569437, "Train-NextTime/rmse_norm": 0.29830234538241646, "Train-NextTime/msae": 0.5169114686423211, "Train-NextType(ML)/auc-ovo-weighted": 0.8295471930554752, "Train-NextType(ML)/auc-PR-weighted": 0.5994726955248628, "Train-NextType(ML)/f1-weighted": 0.49919173357879626, "Train-NextType(ML)/precision-weighted": 0.43530753291582763, "Train-NextType(ML)/recall-weighted": 0.8078850561805981, "Train-pred_label/AUROC": 0.9278838926731737, "Train-pred_label/AUPRC": 0.9029557880045178, "Train-pred_label/f1-binary": 0.8700816629547141, "Train-pred_label/loss": 0.0, "Train-pred_label/recall-binary": 0.9299127215022481, "Train-pred_label/precision-binary": 0.8174843059753546, "Train-pred_label/ACC": 0.8629958246346555, "Test-CIF/NLL-#events": -2.422119393582719, "Test-CIF/NLL": -292211.75, "Test-CIF/#events": 120643.0, "Test-NextTime/RMSE": 0.8228245814891816, "Test-NextTime/rmse_norm": 0.3058209729959526, "Test-NextTime/msae": 0.5158687345013817, "Test-NextType(ML)/auc-ovo-weighted": 0.8328112967094152, "Test-NextType(ML)/auc-PR-weighted": 0.6103997670603611, "Test-NextType(ML)/f1-weighted": 0.5210917982485864, "Test-NextType(ML)/precision-weighted": 0.4541132921803318, "Test-NextType(ML)/recall-weighted": 0.8130824513478777, "Test-pred_label/AUROC": 0.8192215279746027, "Test-pred_label/AUPRC": 0.42892638393082727, "Test-pred_label/f1-binary": 0.48975609756097566, "Test-pred_label/loss": 0.0, "Test-pred_label/recall-binary": 0.7360703812316716, "Test-pred_label/precision-binary": 0.3669590643274854, "Test-pred_label/ACC": 0.7820833333333334, "time-Time/train_epoch": 0.7141672015190125, "time-Time/valid_epoch": 0.0933431347211202, "Obj": 0.48975609756097566, "Best-Test-pred_label/f1-binary": 0.4822695035460993, "Best-Test-pred_label/AUPRC": 0.4466791110818655, "Best-Test-pred_label/AUROC": 0.8391041974366168, "Best-Valid-pred_label/f1-binary": 0.5110782865583456, "Best-Valid-pred_label/AUPRC": 0.5204091347216763, "Best-Valid-pred_label/AUROC": 0.8540463593974175, "max_obj_val": 0.5072951739618405, "status": "completed", "_wandb": {"runtime": 4102}}