{"Valid-NextTime/RMSE": 0.9276361225316117, "_timestamp": 1672681134.1037927, "Valid-NextTime/rmse_norm": 0.26891908805482884, "Valid-NextTime/msae": 0.5461130798446722, "Valid-pred_label/AUROC": 0.7349497835069285, "Valid-pred_label/AUPRC": 0.29968983453788267, "Valid-pred_label/f1-binary": 0.37150837988826824, "Valid-pred_label/loss": 0.0, "Valid-pred_label/recall-binary": 0.49812734082397003, "Valid-pred_label/precision-binary": 0.2962138084632517, "Valid-pred_label/ACC": 0.7575431034482759, "_runtime": 385.30054473876953, "_step": 20, "Train-NextTime/RMSE": 0.9089981609993616, "Train-NextTime/rmse_norm": 0.2666690758744087, "Train-NextTime/msae": 0.5378495025760892, "Train-pred_label/AUROC": 0.9001968020715417, "Train-pred_label/AUPRC": 0.8707764603039472, "Train-pred_label/f1-binary": 0.8136798905608756, "Train-pred_label/loss": 0.0, "Train-pred_label/recall-binary": 0.7905369484316853, "Train-pred_label/precision-binary": 0.8382187147688839, "Train-pred_label/ACC": 0.8196504237288136, "Test-NextTime/RMSE": 0.9324166643653945, "Test-NextTime/rmse_norm": 0.26454202943519367, "Test-NextTime/msae": 0.5431223259362051, "Test-pred_label/AUROC": 0.7006095974156442, "Test-pred_label/AUPRC": 0.2671050934421605, "Test-pred_label/f1-binary": 0.34669555796316354, "Test-pred_label/loss": 0.0, "Test-pred_label/recall-binary": 0.471976401179941, "Test-pred_label/precision-binary": 0.273972602739726, "Test-pred_label/ACC": 0.7453547297297297, "time-Time/train_epoch": 0.21227318445841473, "time-Time/valid_epoch": 0.08415096203486125, "Obj": 0.34669555796316354, "max_obj_val": 0.3762557077625571, "status": "completed", "_wandb": {"runtime": 384}}