{"Valid-CIF/NLL-#events": 0.9929594998514311, "_timestamp": 1672750871.5448332, "Valid-CIF/NLL": 197163.03125, "Valid-CIF/#events": 198561.0, "Valid-NextTime/RMSE": 1.3489772168253842, "Valid-NextTime/rmse_norm": 0.8753324736986797, "Valid-NextTime/msae": 0.964224165902231, "Valid-NextType(ML)/auc-ovo-weighted": 0.48579619144838126, "Valid-NextType(ML)/auc-PR-weighted": 0.2798628563851736, "Valid-NextType(ML)/f1-weighted": 0.3443429086065658, "Valid-NextType(ML)/precision-weighted": 0.273549829374232, "Valid-NextType(ML)/recall-weighted": 0.704123324664933, "Valid-pred_label/AUROC": 0.4923091975043839, "Valid-pred_label/AUPRC": 0.14560247034188575, "Valid-pred_label/f1-binary": 0.02127659574468085, "Valid-pred_label/loss": 0.0, "Valid-pred_label/recall-binary": 0.011965811965811967, "Valid-pred_label/precision-binary": 0.0958904109589041, "Valid-pred_label/ACC": 0.8386773547094188, "_runtime": 22.577782154083252, "_step": 0}