{"NextTime/RMSE": 0.9251665557953045, "NextTime/rmse_norm": 0.23681172785247512, "NextTime/msae": 0.5103226081752843, "pred_label/AUROC": 0.7345521200822083, "pred_label/AUPRC": 0.27382093512743655, "pred_label/f1-binary": 0.0, "pred_label/loss": 0.0, "pred_label/recall-binary": 0.0, "pred_label/precision-binary": 0.0, "pred_label/ACC": 0.8575, "_timestamp": 1672328265.0356975, "_runtime": 211.2391893863678, "_step": 2, "Time/train_epoch": 1.5675326347351075, "Time/eval_epoch": 0.13610738913218182, "Obj": 0, "final accuracy": 0, "state": "complated", "_wandb": {"runtime": 210}}