{"Valid-NextTime/RMSE": 2.4301894306094747, "_timestamp": 1672823729.4594193, "Valid-NextTime/rmse_norm": 0.8309148600174479, "Valid-NextTime/msae": 1.631556107727405, "Valid-pred_label/AUROC": 0.915052169944148, "Valid-pred_label/AUPRC": 0.6470022947010515, "Valid-pred_label/f1-binary": 0.631578947368421, "Valid-pred_label/loss": 0.0, "Valid-pred_label/recall-binary": 0.6666666666666666, "Valid-pred_label/precision-binary": 0.6, "Valid-pred_label/ACC": 0.9405425963488844, "_runtime": 1113.579930305481, "_step": 12, "Train-NextTime/RMSE": 2.3258893684583644, "Train-NextTime/rmse_norm": 0.9278438858234589, "Train-NextTime/msae": 1.4770909122456142, "Train-pred_label/AUROC": 0.9835558153649482, "Train-pred_label/AUPRC": 0.9825397722082365, "Train-pred_label/f1-binary": 0.9124915204961721, "Train-pred_label/loss": 0.0, "Train-pred_label/recall-binary": 0.8786860768943636, "Train-pred_label/precision-binary": 0.9490022172949002, "Train-pred_label/ACC": 0.9204545454545454, "Test-NextTime/RMSE": 2.4301894306094747, "Test-NextTime/rmse_norm": 0.8309148600174479, "Test-NextTime/msae": 1.631556107727405, "Test-pred_label/AUROC": 0.915052169944148, "Test-pred_label/AUPRC": 0.6470022947010515, "Test-pred_label/f1-binary": 0.631578947368421, "Test-pred_label/loss": 0.0, "Test-pred_label/recall-binary": 0.6666666666666666, "Test-pred_label/precision-binary": 0.6, "Test-pred_label/ACC": 0.9405425963488844, "time-Time/train_epoch": 0.6154772440592448, "time-Time/valid_epoch": 0.24510187307993572, "Obj": 0.631578947368421, "Best-Test-pred_label/f1-binary": 0.6337115072933551, "Best-Test-pred_label/AUPRC": 0.6737588243034474, "Best-Test-pred_label/AUROC": 0.9260048419535815, "Best-Valid-pred_label/f1-binary": 0.6337115072933551, "Best-Valid-pred_label/AUPRC": 0.6737588243034474, "Best-Valid-pred_label/AUROC": 0.9260048419535815}