{"Valid-NextTime/RMSE": 0.9406640206259874, "_timestamp": 1672674988.6618526, "Valid-NextTime/rmse_norm": 0.26183666866176575, "Valid-NextTime/msae": 0.5502689687401198, "Valid-pred_label/AUROC": 0.8181764612987699, "Valid-pred_label/AUPRC": 0.4679131620382839, "Valid-pred_label/f1-binary": 0.4580645161290322, "Valid-pred_label/loss": 0.0, "Valid-pred_label/recall-binary": 0.5318352059925093, "Valid-pred_label/precision-binary": 0.40226628895184136, "Valid-pred_label/ACC": 0.8189655172413793, "_runtime": 353.78386068344116, "_step": 26, "Train-NextTime/RMSE": 0.9089708321919324, "Train-NextTime/rmse_norm": 0.2675759548709042, "Train-NextTime/msae": 0.5531116068548529, "Train-pred_label/AUROC": 0.9127780271574459, "Train-pred_label/AUPRC": 0.9034850194088857, "Train-pred_label/f1-binary": 0.7844952270754989, "Train-pred_label/loss": 0.0, "Train-pred_label/recall-binary": 0.7228144989339019, "Train-pred_label/precision-binary": 0.857685009487666, "Train-pred_label/ACC": 0.8027012711864406, "Test-NextTime/RMSE": 0.947160443850973, "Test-NextTime/rmse_norm": 0.2592876470602594, "Test-NextTime/msae": 0.547091661056182, "Test-pred_label/AUROC": 0.803473527654322, "Test-pred_label/AUPRC": 0.4171957896235361, "Test-pred_label/f1-binary": 0.4621513944223108, "Test-pred_label/loss": 0.0, "Test-pred_label/recall-binary": 0.5132743362831859, "Test-pred_label/precision-binary": 0.42028985507246375, "Test-pred_label/ACC": 0.8289695945945946, "time-Time/train_epoch": 0.08946623007456461, "time-Time/valid_epoch": 0.032697514692942305, "Obj": 0.4621513944223108, "max_obj_val": 0.48760330578512395, "status": "completed", "_wandb": {"runtime": 353}}