{"NextTime/RMSE": 2.480448524260896, "NextTime/rmse_norm": 0.8526083451972601, "NextTime/msae": 1.5926552957008635, "pred_label/AUROC": 0.9312290815288744, "pred_label/AUPRC": 0.7169904449745337, "pred_label/f1-binary": 0.6561844863731656, "pred_label/loss": 0.0, "pred_label/recall-binary": 0.6361788617886179, "pred_label/precision-binary": 0.6774891774891775, "pred_label/ACC": 0.9431345353675451, "_timestamp": 1671617639.1309562, "_runtime": 159.73271107673645, "_step": 2, "NLL/#events": -1.0, "acc": 1.0, "RMSE": 1.0}