{"NextTime/RMSE": 0.9513129872568806, "NextTime/rmse_norm": 0.29061524505658953, "NextTime/msae": 0.5640317016135108, "pred_label/AUROC": 0.5726621840457244, "pred_label/AUPRC": 0.1684877720584569, "pred_label/f1-binary": 0.0, "pred_label/loss": 0.0, "pred_label/recall-binary": 0.0, "pred_label/precision-binary": 0.0, "pred_label/ACC": 0.8579166666666667, "_timestamp": 1672331259.8381226, "_runtime": 21.16819953918457, "_step": 1, "status": "pruned", "Time/train_epoch": 0.08408930301666259, "Time/eval_epoch": 0.12199586629867554, "Obj": 0.1684877720584569, "_wandb": {"runtime": 20}}