{"NextTime/RMSE": 0.9319966939843709, "NextTime/rmse_norm": 0.31792036906312426, "NextTime/msae": 0.560300217698651, "pred_label/AUROC": 0.6610104554925875, "pred_label/AUPRC": 0.20443933113145457, "pred_label/f1-binary": 0.0, "pred_label/loss": 0.0, "pred_label/recall-binary": 0.0, "pred_label/precision-binary": 0.0, "pred_label/ACC": 0.8575, "_timestamp": 1672330133.8466747, "_runtime": 98.34477877616882, "_step": 10, "Time/train_epoch": 0.0658355434735616, "Time/eval_epoch": 0.09072163899739584, "Obj": 0.20443933113145457, "final accuracy": 0.20443933113145457, "status": "completed", "_wandb": {"runtime": 97}}