{"NextTime/RMSE": 0.9452701356821092, "NextTime/rmse_norm": 0.248373473902535, "NextTime/msae": 0.5370419850399267, "pred_label/AUROC": 0.6676247188866844, "pred_label/AUPRC": 0.25244803043133207, "pred_label/f1-binary": 0.1688311688311688, "pred_label/loss": 0.0, "pred_label/recall-binary": 0.11436950146627566, "pred_label/precision-binary": 0.32231404958677684, "pred_label/ACC": 0.84, "_timestamp": 1672334774.6231914, "_runtime": 83.73539328575134, "_step": 12, "Time/train_epoch": 0.04401249885559082, "Time/eval_epoch": 0.06585881710052491, "Obj": 0.1688311688311688, "obj_val": 0.1688311688311688, "status": "completed", "_wandb": {"runtime": 83}}