{"Valid-NextTime/RMSE": 0.9279112304274714, "_timestamp": 1672689323.709931, "Valid-NextTime/rmse_norm": 0.24610322049501024, "Valid-NextTime/msae": 0.5317742923697615, "Valid-pred_label/AUROC": 0.8120337159253946, "Valid-pred_label/AUPRC": 0.4768795901774763, "Valid-pred_label/f1-binary": 0.48164464023494863, "Valid-pred_label/loss": 0.0, "Valid-pred_label/recall-binary": 0.6029411764705882, "Valid-pred_label/precision-binary": 0.40097799511002447, "Valid-pred_label/ACC": 0.8153765690376569, "_runtime": 379.44845700263977, "_step": 16, "Train-NextTime/RMSE": 0.9128888552691315, "Train-NextTime/rmse_norm": 0.2560929581063221, "Train-NextTime/msae": 0.5352233071493503, "Train-pred_label/AUROC": 0.9002918775640104, "Train-pred_label/AUPRC": 0.8888798920292985, "Train-pred_label/f1-binary": 0.8001107419712071, "Train-pred_label/loss": 0.0, "Train-pred_label/recall-binary": 0.7669851380042463, "Train-pred_label/precision-binary": 0.8362268518518519, "Train-pred_label/ACC": 0.8115866388308977, "Test-NextTime/RMSE": 0.9323950950224721, "Test-NextTime/rmse_norm": 0.24246364149981478, "Test-NextTime/msae": 0.5283693311527542, "Test-pred_label/AUROC": 0.8151695083027237, "Test-pred_label/AUPRC": 0.4723776503732032, "Test-pred_label/f1-binary": 0.4626334519572954, "Test-pred_label/loss": 0.0, "Test-pred_label/recall-binary": 0.5718475073313783, "Test-pred_label/precision-binary": 0.3884462151394422, "Test-pred_label/ACC": 0.81125, "time-Time/train_epoch": 0.1721637725830078, "time-Time/valid_epoch": 0.042750291029612225, "Obj": 0.4626334519572954, "max_obj_val": 0.49647390691114246, "status": "completed", "_wandb": {"runtime": 378}}