{"NextTime/RMSE": 0.939271001433226, "NextTime/rmse_norm": 0.2847758608236411, "NextTime/msae": 0.556666554431013, "pred_label/AUROC": 0.7928698696374831, "pred_label/AUPRC": 0.41710969207456416, "pred_label/f1-binary": 0.12332439678284182, "pred_label/loss": 0.0, "pred_label/recall-binary": 0.06744868035190615, "pred_label/precision-binary": 0.71875, "pred_label/ACC": 0.86375, "_timestamp": 1672327814.19033, "_runtime": 94.49762797355652, "_step": 2, "Time/train_epoch": 0.6591454943021139, "Time/eval_epoch": 0.09482740163803101, "Obj": 0, "final accuracy": 0, "state": "complated", "_wandb": {"runtime": 93}}