{"Valid-NextTime/RMSE": 0.9363328439779152, "_timestamp": 1672750784.7840314, "Valid-NextTime/rmse_norm": 0.22575872994487797, "Valid-NextTime/msae": 0.5137666201544995, "Valid-pred_label/AUROC": 0.6950053802008609, "Valid-pred_label/AUPRC": 0.2690509002898723, "Valid-pred_label/f1-binary": 0.30849220103986136, "Valid-pred_label/loss": 0.0, "Valid-pred_label/recall-binary": 0.3272058823529412, "Valid-pred_label/precision-binary": 0.29180327868852457, "Valid-pred_label/ACC": 0.7913179916317992, "_runtime": 78.59180736541748, "_step": 4, "Train-NextTime/RMSE": 0.9805425778358235, "Train-NextTime/rmse_norm": 0.22753088634292454, "Train-NextTime/msae": 0.5235353994147663, "Train-pred_label/AUROC": 0.7829463875537394, "Train-pred_label/AUPRC": 0.7257684782972569, "Train-pred_label/f1-binary": 0.5488907148726377, "Train-pred_label/loss": 0.0, "Train-pred_label/recall-binary": 0.42710997442455245, "Train-pred_label/precision-binary": 0.767816091954023, "Train-pred_label/ACC": 0.6407068062827225, "Test-NextTime/RMSE": 0.9421916043046424, "Test-NextTime/rmse_norm": 0.22224367778163728, "Test-NextTime/msae": 0.5104721136496212, "Test-pred_label/AUROC": 0.6828728463408624, "Test-pred_label/AUPRC": 0.2506766639780342, "Test-pred_label/f1-binary": 0.28885832187070154, "Test-pred_label/loss": 0.0, "Test-pred_label/recall-binary": 0.30791788856304986, "Test-pred_label/precision-binary": 0.27202072538860106, "Test-pred_label/ACC": 0.7845833333333333, "time-Time/train_epoch": 0.10444456338882446, "time-Time/valid_epoch": 0.07677520116170247, "Obj": 0.28885832187070154, "Best-Test-pred_label/f1-binary": 0.28885832187070154, "Best-Test-pred_label/AUPRC": 0.2506766639780342, "Best-Test-pred_label/AUROC": 0.6828728463408624, "Best-Valid-pred_label/f1-binary": 0.30849220103986136, "Best-Valid-pred_label/AUPRC": 0.2690509002898723, "Best-Valid-pred_label/AUROC": 0.6950053802008609}