{"NextTime/RMSE": 0.9448159096116376, "NextTime/rmse_norm": 0.2518185796988182, "NextTime/msae": 0.5388106573183639, "pred_label/AUROC": 0.6387307564672086, "pred_label/AUPRC": 0.2411757629334257, "pred_label/f1-binary": 0.0, "pred_label/loss": 0.0, "pred_label/recall-binary": 0.0, "pred_label/precision-binary": 0.0, "pred_label/ACC": 0.8579166666666667, "_timestamp": 1672334914.9280841, "_runtime": 124.23763012886047, "_step": 10, "Time/train_epoch": 0.09359557231267293, "Time/eval_epoch": 0.1242884914080302, "Obj": 0.0, "status": "completed", "obj_val": 0, "_wandb": {"runtime": 123}}