{"Valid-NextTime/RMSE": 0.9361360933997175, "_timestamp": 1672686192.300806, "Valid-NextTime/rmse_norm": 0.22070123629509844, "Valid-NextTime/msae": 0.5046492993030439, "Valid-pred_label/AUROC": 0.7933969243185078, "Valid-pred_label/AUPRC": 0.4259438854808302, "Valid-pred_label/f1-binary": 0.45365853658536587, "Valid-pred_label/loss": 0.0, "Valid-pred_label/recall-binary": 0.6838235294117647, "Valid-pred_label/precision-binary": 0.33941605839416056, "Valid-pred_label/ACC": 0.7656903765690377, "_runtime": 495.25491404533386, "_step": 15, "Train-NextTime/RMSE": 0.91702516681366, "Train-NextTime/rmse_norm": 0.22708086938267957, "Train-NextTime/msae": 0.5111904735018703, "Train-pred_label/AUROC": 0.8969608151017132, "Train-pred_label/AUPRC": 0.8942173422517388, "Train-pred_label/f1-binary": 0.8320079522862823, "Train-pred_label/loss": 0.0, "Train-pred_label/recall-binary": 0.850609756097561, "Train-pred_label/precision-binary": 0.8142023346303502, "Train-pred_label/ACC": 0.8235908141962421, "Test-NextTime/RMSE": 0.9423316865179292, "Test-NextTime/rmse_norm": 0.21791142076697764, "Test-NextTime/msae": 0.5029959397827309, "Test-pred_label/AUROC": 0.7986580622373131, "Test-pred_label/AUPRC": 0.39621335431592863, "Test-pred_label/f1-binary": 0.44466403162055335, "Test-pred_label/loss": 0.0, "Test-pred_label/recall-binary": 0.6598240469208211, "Test-pred_label/precision-binary": 0.3353204172876304, "Test-pred_label/ACC": 0.7658333333333334, "time-Time/train_epoch": 0.27037938038508097, "time-Time/valid_epoch": 0.06695027748743693, "Obj": 0.44466403162055335, "max_obj_val": 0.4961636828644501, "status": "completed", "_wandb": {"runtime": 494}}