{"Valid-NextTime/RMSE": 0.9311932117879435, "_timestamp": 1672683692.7671783, "Valid-NextTime/rmse_norm": 0.25016653737504146, "Valid-NextTime/msae": 0.5339729923794473, "Valid-pred_label/AUROC": 0.8203260713283977, "Valid-pred_label/AUPRC": 0.48240612196782684, "Valid-pred_label/f1-binary": 0.5043478260869566, "Valid-pred_label/loss": 0.0, "Valid-pred_label/recall-binary": 0.651685393258427, "Valid-pred_label/precision-binary": 0.41134751773049644, "Valid-pred_label/ACC": 0.8157327586206896, "_runtime": 474.3849914073944, "_step": 26, "Train-NextTime/RMSE": 0.9038008960061003, "Train-NextTime/rmse_norm": 0.2473447576493303, "Train-NextTime/msae": 0.5270857893426802, "Train-pred_label/AUROC": 0.9088024869396389, "Train-pred_label/AUPRC": 0.8959117131578197, "Train-pred_label/f1-binary": 0.8051296347923056, "Train-pred_label/loss": 0.0, "Train-pred_label/recall-binary": 0.772192513368984, "Train-pred_label/precision-binary": 0.8410017472335469, "Train-pred_label/ACC": 0.8148834745762712, "Test-NextTime/RMSE": 0.9369871140503152, "Test-NextTime/rmse_norm": 0.24493705799540602, "Test-NextTime/msae": 0.5293193589364924, "Test-pred_label/AUROC": 0.8300614540490324, "Test-pred_label/AUPRC": 0.4872426163153198, "Test-pred_label/f1-binary": 0.48441247002398086, "Test-pred_label/loss": 0.0, "Test-pred_label/recall-binary": 0.5958702064896755, "Test-pred_label/precision-binary": 0.4080808080808081, "Test-pred_label/ACC": 0.8184121621621622, "time-Time/train_epoch": 0.05847833156585693, "time-Time/valid_epoch": 0.02259808381398519, "Obj": 0.48441247002398086, "max_obj_val": 0.5122897800776197, "status": "completed", "_wandb": {"runtime": 473}}