{"Valid-NextTime/RMSE": 2.430472838582583, "_timestamp": 1672778138.7591918, "Valid-NextTime/rmse_norm": 0.8580198678804288, "Valid-NextTime/msae": 1.6488969603436348, "Valid-pred_label/AUROC": 0.5, "Valid-pred_label/AUPRC": 0.07644523326572009, "Valid-pred_label/f1-binary": 0.0, "Valid-pred_label/loss": 0.0, "Valid-pred_label/recall-binary": 0.0, "Valid-pred_label/precision-binary": 0.0, "Valid-pred_label/ACC": 0.9235547667342799, "_runtime": 1834.0666587352753, "_step": 25, "Train-NextTime/RMSE": 2.3700918892711296, "Train-NextTime/rmse_norm": 0.9923991581599787, "Train-NextTime/msae": 1.5343992067905603, "Train-pred_label/AUROC": 0.5, "Train-pred_label/AUPRC": 0.4800035236081748, "Train-pred_label/f1-binary": 0.0, "Train-pred_label/loss": 0.0, "Train-pred_label/recall-binary": 0.0, "Train-pred_label/precision-binary": 0.0, "Train-pred_label/ACC": 0.5199964763918252, "Test-NextTime/RMSE": 2.430472838582583, "Test-NextTime/rmse_norm": 0.8580198678804288, "Test-NextTime/msae": 1.6488969603436348, "Test-pred_label/AUROC": 0.5, "Test-pred_label/AUPRC": 0.07644523326572009, "Test-pred_label/f1-binary": 0.0, "Test-pred_label/loss": 0.0, "Test-pred_label/recall-binary": 0.0, "Test-pred_label/precision-binary": 0.0, "Test-pred_label/ACC": 0.9235547667342799, "time-Time/train_epoch": 0.4594544490178426, "time-Time/valid_epoch": 0.16841127077738444, "Obj": 0.0, "Best-Test-pred_label/f1-binary": 0.1420327405488164, "Best-Test-pred_label/AUPRC": 0.07644523326572009, "Best-Test-pred_label/AUROC": 0.5, "Best-Valid-pred_label/f1-binary": 0.1420327405488164, "Best-Valid-pred_label/AUPRC": 0.07644523326572009, "Best-Valid-pred_label/AUROC": 0.5}