{"Valid-NextTime/RMSE": 1.053168046077651, "_timestamp": 1672676927.2828655, "Valid-NextTime/rmse_norm": 0.5153359917325865, "Valid-NextTime/msae": 0.7266374068426468, "Valid-pred_label/AUROC": 0.5627405642254922, "Valid-pred_label/AUPRC": 0.19382563585459958, "Valid-pred_label/f1-binary": 0.007462686567164179, "Valid-pred_label/loss": 0.0, "Valid-pred_label/recall-binary": 0.003745318352059925, "Valid-pred_label/precision-binary": 1.0, "Valid-pred_label/ACC": 0.8566810344827587, "_runtime": 200.17197251319885, "_step": 19, "Train-NextTime/RMSE": 1.0352249210354882, "Train-NextTime/rmse_norm": 0.5099855169932437, "Train-NextTime/msae": 0.7153795023357059, "Train-pred_label/AUROC": 0.571599146140275, "Train-pred_label/AUPRC": 0.5846155814494172, "Train-pred_label/f1-binary": 0.007268951194184838, "Train-pred_label/loss": 0.0, "Train-pred_label/recall-binary": 0.0036477331943720686, "Train-pred_label/precision-binary": 1.0, "Train-pred_label/ACC": 0.4936440677966102, "Test-NextTime/RMSE": 1.0575902376682014, "Test-NextTime/rmse_norm": 0.5136657344583331, "Test-NextTime/msae": 0.7224829141782009, "Test-pred_label/AUROC": 0.5801759443816868, "Test-pred_label/AUPRC": 0.18677102110634958, "Test-pred_label/f1-binary": 0.005865102639296187, "Test-pred_label/loss": 0.0, "Test-pred_label/recall-binary": 0.0029498525073746312, "Test-pred_label/precision-binary": 0.5, "Test-pred_label/ACC": 0.8568412162162162, "time-Time/train_epoch": 0.0924583117167155, "time-Time/valid_epoch": 0.04151011705398559, "Obj": 0.005865102639296187, "max_obj_val": 0.03296703296703296, "status": "completed", "_wandb": {"runtime": 199}}