{"NextTime/RMSE": 0.9590659871494487, "NextTime/rmse_norm": 0.3224417390865578, "NextTime/msae": 0.5915992634178812, "pred_label/AUROC": 0.6250635576020588, "pred_label/AUPRC": 0.20392335765235825, "pred_label/f1-binary": 0.0, "pred_label/loss": 0.0, "pred_label/recall-binary": 0.0, "pred_label/precision-binary": 0.0, "pred_label/ACC": 0.8575, "_timestamp": 1672331166.673515, "_runtime": 31.83617115020752, "_step": 2, "Time/train_epoch": 0.07429028749465942, "Time/eval_epoch": 0.12254608472188314, "Obj": 0.20392335765235825, "status": "pruned", "_wandb": {"runtime": 31}}