{"Valid-NextTime/RMSE": 0.9254944984244273, "_timestamp": 1672753204.6900706, "Valid-NextTime/rmse_norm": 0.2428077769074088, "Valid-NextTime/msae": 0.5291483796275059, "Valid-pred_label/AUROC": 0.834899569583931, "Valid-pred_label/AUPRC": 0.5095223225397355, "Valid-pred_label/f1-binary": 0.47161572052401746, "Valid-pred_label/loss": 0.0, "Valid-pred_label/recall-binary": 0.7941176470588235, "Valid-pred_label/precision-binary": 0.33540372670807456, "Valid-pred_label/ACC": 0.7468619246861925, "_runtime": 923.3067276477814, "_step": 16, "Train-NextTime/RMSE": 0.9095991854252676, "Train-NextTime/rmse_norm": 0.2501158304774125, "Train-NextTime/msae": 0.5326845125792162, "Train-pred_label/AUROC": 0.9202201099303415, "Train-pred_label/AUPRC": 0.9096469337656196, "Train-pred_label/f1-binary": 0.860732487851132, "Train-pred_label/loss": 0.0, "Train-pred_label/recall-binary": 0.9465589155370178, "Train-pred_label/precision-binary": 0.789176266029124, "Train-pred_label/ACC": 0.8466858037578288, "Test-NextTime/RMSE": 0.9321219001232863, "Test-NextTime/rmse_norm": 0.24094381526996875, "Test-NextTime/msae": 0.5261804417167121, "Test-pred_label/AUROC": 0.8294818969433957, "Test-pred_label/AUPRC": 0.5075037356494057, "Test-pred_label/f1-binary": 0.4663120567375887, "Test-pred_label/loss": 0.0, "Test-pred_label/recall-binary": 0.7712609970674487, "Test-pred_label/precision-binary": 0.3341804320203304, "Test-pred_label/ACC": 0.7491666666666666, "time-Time/train_epoch": 0.5366489728291829, "time-Time/valid_epoch": 0.06560262441635131, "Obj": 0.4663120567375887, "Best-Test-pred_label/f1-binary": 0.49748237663645517, "Best-Test-pred_label/AUPRC": 0.5357671736760761, "Best-Test-pred_label/AUROC": 0.8507033707961186, "Best-Valid-pred_label/f1-binary": 0.5189718482252141, "Best-Valid-pred_label/AUPRC": 0.5222199450236501, "Best-Valid-pred_label/AUROC": 0.8662762284791966, "max_obj_val": 0.49748237663645517, "status": "completed", "_wandb": {"runtime": 922}}