{"NextTime/RMSE": 0.9753572762431658, "NextTime/rmse_norm": 0.3656057864215231, "NextTime/msae": 0.6201678247027208, "pred_label/AUROC": 0.4962962118957043, "pred_label/AUPRC": 0.14795191851604428, "pred_label/f1-binary": 0.0, "pred_label/loss": 0.0, "pred_label/recall-binary": 0.0, "pred_label/precision-binary": 0.0, "pred_label/ACC": 0.8579166666666667, "_timestamp": 1672330959.3611615, "_runtime": 15.909315586090088, "_step": 1, "status": "pruned", "Time/train_epoch": 0.06456284920374553, "Time/eval_epoch": 0.09179031054178874, "Obj": 0.14795191851604428, "_wandb": {"runtime": 15}}