{"Valid-NextTime/RMSE": 1.0224418469048104, "_timestamp": 1672745308.28997, "Valid-NextTime/rmse_norm": 0.330295279192351, "Valid-NextTime/msae": 0.6878818744986841, "Valid-pred_label/AUROC": 0.6913311513629842, "Valid-pred_label/AUPRC": 0.2706260726818609, "Valid-pred_label/f1-binary": 0.12025316455696203, "Valid-pred_label/loss": 0.0, "Valid-pred_label/recall-binary": 0.06985294117647059, "Valid-pred_label/precision-binary": 0.4318181818181818, "Valid-pred_label/ACC": 0.854602510460251, "_runtime": 176.74456882476807, "_step": 60, "Train-NextTime/RMSE": 1.0111216392321014, "Train-NextTime/rmse_norm": 0.3185354876297794, "Train-NextTime/msae": 0.6714811955856731, "Train-pred_label/AUROC": 0.7220599396594407, "Train-pred_label/AUPRC": 0.6820606407089742, "Train-pred_label/f1-binary": 0.14405762304921968, "Train-pred_label/loss": 0.0, "Train-pred_label/recall-binary": 0.07884362680683311, "Train-pred_label/precision-binary": 0.8333333333333334, "Train-pred_label/ACC": 0.5333769633507853, "Test-NextTime/RMSE": 1.0266526851220585, "Test-NextTime/rmse_norm": 0.32967031658173934, "Test-NextTime/msae": 0.6874176416463259, "Test-pred_label/AUROC": 0.6797238075027168, "Test-pred_label/AUPRC": 0.27384994117790734, "Test-pred_label/f1-binary": 0.1309823677581864, "Test-pred_label/loss": 0.0, "Test-pred_label/recall-binary": 0.07624633431085044, "Test-pred_label/precision-binary": 0.4642857142857143, "Test-pred_label/ACC": 0.85625, "time-Time/train_epoch": 0.08796422481536866, "time-Time/valid_epoch": 0.06922945578893026, "Obj": 0.1309823677581864, "Best-Test-pred_label/f1-binary": 0.3448275862068966, "Best-Test-pred_label/AUPRC": 0.2760899315999079, "Best-Test-pred_label/AUROC": 0.6962480719080384, "Best-Valid-pred_label/f1-binary": 0.40595399188092013, "Best-Valid-pred_label/AUPRC": 0.38620940219472544, "Best-Valid-pred_label/AUROC": 0.7611258070301291, "max_obj_val": 0.3448275862068966, "status": "completed", "_wandb": {"runtime": 176}}