{"Valid-CIF/NLL-#events": -2.0988716133327743, "_timestamp": 1672756716.046062, "Valid-CIF/NLL": -200177.78125, "Valid-CIF/#events": 95374.0, "Valid-NextTime/RMSE": 0.8361248884743318, "Valid-NextTime/rmse_norm": 0.30270879949734647, "Valid-NextTime/msae": 0.5286133764754414, "Valid-NextType(ML)/auc-ovo-weighted": 0.8194344425338947, "Valid-NextType(ML)/auc-PR-weighted": 0.5704606265740761, "Valid-NextType(ML)/f1-weighted": 0.5228564458215343, "Valid-NextType(ML)/precision-weighted": 0.43830222001671476, "Valid-NextType(ML)/recall-weighted": 0.7915134033027066, "Valid-pred_label/AUROC": 0.8568362177187948, "Valid-pred_label/AUPRC": 0.5295206196402928, "Valid-pred_label/f1-binary": 0.49192546583850927, "Valid-pred_label/loss": 0.0, "Valid-pred_label/recall-binary": 0.7279411764705882, "Valid-pred_label/precision-binary": 0.3714821763602251, "Valid-pred_label/ACC": 0.7860878661087866, "_runtime": 2645.0605890750885, "_step": 17, "Train-CIF/NLL-#events": -2.1551127126461385, "Train-CIF/NLL": -845743.8125, "Train-CIF/#events": 392436.0, "Train-NextTime/RMSE": 0.8183282070536628, "Train-NextTime/rmse_norm": 0.2974311321118012, "Train-NextTime/msae": 0.5270519475693195, "Train-NextType(ML)/auc-ovo-weighted": 0.8155747462131433, "Train-NextType(ML)/auc-PR-weighted": 0.5493447405129963, "Train-NextType(ML)/f1-weighted": 0.5045501059972288, "Train-NextType(ML)/precision-weighted": 0.421233394976104, "Train-NextType(ML)/recall-weighted": 0.79090009140779, "Train-pred_label/AUROC": 0.8901713174112761, "Train-pred_label/AUPRC": 0.8706591489035813, "Train-pred_label/f1-binary": 0.8090359863409509, "Train-pred_label/loss": 0.0, "Train-pred_label/recall-binary": 0.8148148148148148, "Train-pred_label/precision-binary": 0.803338549817423, "Train-pred_label/ACC": 0.8102818371607515, "Test-CIF/NLL-#events": -2.121282290518306, "Test-CIF/NLL": -255917.859375, "Test-CIF/#events": 120643.0, "Test-NextTime/RMSE": 0.8354320403947474, "Test-NextTime/rmse_norm": 0.297913564798174, "Test-NextTime/msae": 0.5232122589845158, "Test-NextType(ML)/auc-ovo-weighted": 0.8192012649244057, "Test-NextType(ML)/auc-PR-weighted": 0.5657981494105491, "Test-NextType(ML)/f1-weighted": 0.5210310653968732, "Test-NextType(ML)/precision-weighted": 0.43718434259005595, "Test-NextType(ML)/recall-weighted": 0.7920057196464069, "Test-pred_label/AUROC": 0.8378259240954883, "Test-pred_label/AUPRC": 0.5104933074485273, "Test-pred_label/f1-binary": 0.5077081192189107, "Test-pred_label/loss": 0.0, "Test-pred_label/recall-binary": 0.7243401759530792, "Test-pred_label/precision-binary": 0.39082278481012656, "Test-pred_label/ACC": 0.8004166666666667, "time-Time/train_epoch": 1.3600190083185832, "time-Time/valid_epoch": 0.14853928486506143, "Obj": 0.5077081192189107, "Best-Test-pred_label/f1-binary": 0.5190651906519066, "Best-Test-pred_label/AUPRC": 0.5010029275465804, "Best-Test-pred_label/AUROC": 0.8473941027090848, "Best-Valid-pred_label/f1-binary": 0.5244956772334294, "Best-Valid-pred_label/AUPRC": 0.535993362189897, "Best-Valid-pred_label/AUROC": 0.8649816176470588, "max_obj_val": 0.5190651906519066, "status": "completed", "_wandb": {"runtime": 2644}}