{"Valid-CIF/NLL-#events": -0.8254914533835217, "_timestamp": 1672753654.345097, "Valid-CIF/NLL": -78730.421875, "Valid-CIF/#events": 95374.0, "Valid-NextTime/RMSE": 0.8904165716519794, "Valid-NextTime/rmse_norm": 0.33405888546159324, "Valid-NextTime/msae": 0.5702986823916772, "Valid-NextType(ML)/auc-ovo-weighted": 0.7413869159612789, "Valid-NextType(ML)/auc-PR-weighted": 0.4365152505331942, "Valid-NextType(ML)/f1-weighted": 0.41636139265116456, "Valid-NextType(ML)/precision-weighted": 0.36756244131895277, "Valid-NextType(ML)/recall-weighted": 0.7316745438415365, "Valid-pred_label/AUROC": 0.7457832675753229, "Valid-pred_label/AUPRC": 0.30320253607301006, "Valid-pred_label/f1-binary": 0.3453996983408748, "Valid-pred_label/loss": 0.0, "Valid-pred_label/recall-binary": 0.8419117647058824, "Valid-pred_label/precision-binary": 0.21726755218216318, "Valid-pred_label/ACC": 0.5460251046025104, "_runtime": 224.2458620071411, "_step": 1, "Train-CIF/NLL-#events": -0.8714891314008558, "Train-CIF/NLL": -343188.0625, "Train-CIF/#events": 393795.0, "Train-NextTime/RMSE": 0.86694823230277, "Train-NextTime/rmse_norm": 0.3124796490775224, "Train-NextTime/msae": 0.5610145679376474, "Train-NextType(ML)/auc-ovo-weighted": 0.7356775388367459, "Train-NextType(ML)/auc-PR-weighted": 0.4168787748560412, "Train-NextType(ML)/f1-weighted": 0.3946064669181822, "Train-NextType(ML)/precision-weighted": 0.34947100361594824, "Train-NextType(ML)/recall-weighted": 0.7271442858730335, "Train-pred_label/AUROC": 0.7389118468235515, "Train-pred_label/AUPRC": 0.6926338781218677, "Train-pred_label/f1-binary": 0.7023480662983427, "Train-pred_label/loss": 0.0, "Train-pred_label/recall-binary": 0.8173051165282614, "Train-pred_label/precision-binary": 0.6157416750756811, "Train-pred_label/ACC": 0.6625782881002088, "Test-CIF/NLL-#events": -0.8468157342324047, "Test-CIF/NLL": -102162.390625, "Test-CIF/#events": 120643.0, "Test-NextTime/RMSE": 0.8908128165514805, "Test-NextTime/rmse_norm": 0.33055535687514587, "Test-NextTime/msae": 0.5652338612934638, "Test-NextType(ML)/auc-ovo-weighted": 0.7411487107209868, "Test-NextType(ML)/auc-PR-weighted": 0.4359232915444976, "Test-NextType(ML)/f1-weighted": 0.4191663463067704, "Test-NextType(ML)/precision-weighted": 0.36971864390102405, "Test-NextType(ML)/recall-weighted": 0.7288912399317279, "Test-pred_label/AUROC": 0.7345763325020404, "Test-pred_label/AUPRC": 0.279782056416639, "Test-pred_label/f1-binary": 0.34962406015037595, "Test-pred_label/loss": 0.0, "Test-pred_label/recall-binary": 0.8181818181818182, "Test-pred_label/precision-binary": 0.22231075697211156, "Test-pred_label/ACC": 0.5675, "time-Time/train_epoch": 1.8438363114992777, "time-Time/valid_epoch": 0.21753274997075397, "Obj": 0.34962406015037595, "Best-Test-pred_label/f1-binary": 0.34962406015037595, "Best-Test-pred_label/AUPRC": 0.279782056416639, "Best-Test-pred_label/AUROC": 0.7345763325020404, "Best-Valid-pred_label/f1-binary": 0.3453996983408748, "Best-Valid-pred_label/AUPRC": 0.30320253607301006, "Best-Valid-pred_label/AUROC": 0.7457832675753229}